Airfoil_Code,M,P,T,CL,CD
0005,0,0,5,-0.0001,0.00448
0006,0,0,6,0.0026,0.00477
0007,0,0,7,-0.0009,0.00513
0008,0,0,8,-0.001,0.00521
0009,0,0,9,0.0006,0.0053
0010,0,0,10,0.0003,0.0055
0011,0,0,11,-0.0018,0.00581
0012,0,0,12,0.0001,0.00617
0013,0,0,13,0.0,0.00654
0014,0,0,14,-0.0009,0.00694
0015,0,0,15,0.0037,0.00731
0016,0,0,16,-0.0005,0.00769
0017,0,0,17,-0.0015,0.00802
0018,0,0,18,0.0002,0.00841
0019,0,0,19,0.0005,0.00873
0020,0,0,20,-0.0002,0.00906
0021,0,0,21,-0.0001,0.00944
0022,0,0,22,-0.0007,0.00978
0023,0,0,23,-0.0005,0.0101
0024,0,0,24,-0.001,0.01043
0025,0,0,25,-0.0013,0.01077
0026,0,0,26,-0.0,0.01112
0027,0,0,27,-0.0015,0.01148
0028,0,0,28,-0.002,0.01184
0029,0,0,29,-0.0019,0.01223
0030,0,0,30,-0.0017,0.01263
0031,0,0,31,-0.0017,0.01307
0032,0,0,32,-0.0194,0.01351
0033,0,0,33,-0.0013,0.01387
0034,0,0,34,-0.0013,0.01427
0035,0,0,35,-0.0014,0.01472
0036,0,0,36,-0.0011,0.01521
0037,0,0,37,-0.0008,0.01575
0038,0,0,38,-0.0006,0.01632
0039,0,0,39,-0.0003,0.01692
0105,0,1,5,-0.0001,0.00448
0106,0,1,6,0.0026,0.00477
0107,0,1,7,-0.0009,0.00513
0108,0,1,8,-0.001,0.00521
0109,0,1,9,0.0006,0.0053
0110,0,1,10,0.0003,0.0055
0111,0,1,11,-0.0018,0.00581
0112,0,1,12,0.0001,0.00617
0113,0,1,13,0.0,0.00654
0114,0,1,14,-0.0009,0.00694
0115,0,1,15,0.0037,0.00731
0116,0,1,16,-0.0005,0.00769
0117,0,1,17,-0.0015,0.00802
0118,0,1,18,0.0002,0.00841
0119,0,1,19,0.0005,0.00873
0120,0,1,20,-0.0002,0.00906
0121,0,1,21,-0.0001,0.00944
0122,0,1,22,-0.0007,0.00978
0123,0,1,23,-0.0005,0.0101
0124,0,1,24,-0.001,0.01043
0125,0,1,25,-0.0013,0.01077
0126,0,1,26,-0.0,0.01112
0127,0,1,27,-0.0015,0.01148
0128,0,1,28,-0.002,0.01184
0129,0,1,29,-0.0019,0.01223
0130,0,1,30,-0.0017,0.01263
0131,0,1,31,-0.0017,0.01307
0132,0,1,32,-0.0194,0.01351
0133,0,1,33,-0.0013,0.01387
0134,0,1,34,-0.0013,0.01427
0135,0,1,35,-0.0014,0.01472
0136,0,1,36,-0.0011,0.01521
0137,0,1,37,-0.0008,0.01575
0138,0,1,38,-0.0006,0.01632
0139,0,1,39,-0.0003,0.01692
0205,0,2,5,-0.0001,0.00448
0206,0,2,6,0.0026,0.00477
0207,0,2,7,-0.0009,0.00513
0208,0,2,8,-0.001,0.00521
0209,0,2,9,0.0006,0.0053
0210,0,2,10,0.0003,0.0055
0211,0,2,11,-0.0018,0.00581
0212,0,2,12,0.0001,0.00617
0213,0,2,13,0.0,0.00654
0214,0,2,14,-0.0009,0.00694
0215,0,2,15,0.0037,0.00731
0216,0,2,16,-0.0005,0.00769
0217,0,2,17,-0.0015,0.00802
0218,0,2,18,0.0002,0.00841
0219,0,2,19,0.0005,0.00873
0220,0,2,20,-0.0002,0.00906
0221,0,2,21,-0.0001,0.00944
0222,0,2,22,-0.0007,0.00978
0223,0,2,23,-0.0005,0.0101
0224,0,2,24,-0.001,0.01043
0225,0,2,25,-0.0013,0.01077
0226,0,2,26,-0.0,0.01112
0227,0,2,27,-0.0015,0.01148
0228,0,2,28,-0.002,0.01184
0229,0,2,29,-0.0019,0.01223
0230,0,2,30,-0.0017,0.01263
0231,0,2,31,-0.0017,0.01307
0232,0,2,32,-0.0194,0.01351
0233,0,2,33,-0.0013,0.01387
0234,0,2,34,-0.0013,0.01427
0235,0,2,35,-0.0014,0.01472
0236,0,2,36,-0.0011,0.01521
0237,0,2,37,-0.0008,0.01575
0238,0,2,38,-0.0006,0.01632
0239,0,2,39,-0.0003,0.01692
0305,0,3,5,-0.0001,0.00448
0306,0,3,6,0.0026,0.00477
0307,0,3,7,-0.0009,0.00513
0308,0,3,8,-0.001,0.00521
0309,0,3,9,0.0006,0.0053
0310,0,3,10,0.0003,0.0055
0311,0,3,11,-0.0018,0.00581
0312,0,3,12,0.0001,0.00617
0313,0,3,13,0.0,0.00654
0314,0,3,14,-0.0009,0.00694
0315,0,3,15,0.0037,0.00731
0316,0,3,16,-0.0005,0.00769
0317,0,3,17,-0.0015,0.00802
0318,0,3,18,0.0002,0.00841
0319,0,3,19,0.0005,0.00873
0320,0,3,20,-0.0002,0.00906
0321,0,3,21,-0.0001,0.00944
0322,0,3,22,-0.0007,0.00978
0323,0,3,23,-0.0005,0.0101
0324,0,3,24,-0.001,0.01043
0325,0,3,25,-0.0013,0.01077
0326,0,3,26,-0.0,0.01112
0327,0,3,27,-0.0015,0.01148
0328,0,3,28,-0.002,0.01184
0329,0,3,29,-0.0019,0.01223
0330,0,3,30,-0.0017,0.01263
0331,0,3,31,-0.0017,0.01307
0332,0,3,32,-0.0194,0.01351
0333,0,3,33,-0.0013,0.01387
0334,0,3,34,-0.0013,0.01427
0335,0,3,35,-0.0014,0.01472
0336,0,3,36,-0.0011,0.01521
0337,0,3,37,-0.0008,0.01575
0338,0,3,38,-0.0006,0.01632
0339,0,3,39,-0.0003,0.01692
0405,0,4,5,-0.0001,0.00448
0406,0,4,6,0.0026,0.00477
0407,0,4,7,-0.0009,0.00513
0408,0,4,8,-0.001,0.00521
0409,0,4,9,0.0006,0.0053
0410,0,4,10,0.0003,0.0055
0411,0,4,11,-0.0018,0.00581
0412,0,4,12,0.0001,0.00617
0413,0,4,13,0.0,0.00654
0414,0,4,14,-0.0009,0.00694
0415,0,4,15,0.0037,0.00731
0416,0,4,16,-0.0005,0.00769
0417,0,4,17,-0.0015,0.00802
0418,0,4,18,0.0002,0.00841
0419,0,4,19,0.0005,0.00873
0420,0,4,20,-0.0002,0.00906
0421,0,4,21,-0.0001,0.00944
0422,0,4,22,-0.0007,0.00978
0423,0,4,23,-0.0005,0.0101
0424,0,4,24,-0.001,0.01043
0425,0,4,25,-0.0013,0.01077
0426,0,4,26,-0.0,0.01112
0427,0,4,27,-0.0015,0.01148
0428,0,4,28,-0.002,0.01184
0429,0,4,29,-0.0019,0.01223
0430,0,4,30,-0.0017,0.01263
0431,0,4,31,-0.0017,0.01307
0432,0,4,32,-0.0194,0.01351
0433,0,4,33,-0.0013,0.01387
0434,0,4,34,-0.0013,0.01427
0435,0,4,35,-0.0014,0.01472
0436,0,4,36,-0.0011,0.01521
0437,0,4,37,-0.0008,0.01575
0438,0,4,38,-0.0006,0.01632
0439,0,4,39,-0.0003,0.01692
0505,0,5,5,-0.0001,0.00448
0506,0,5,6,0.0026,0.00477
0507,0,5,7,-0.0009,0.00513
0508,0,5,8,-0.001,0.00521
0509,0,5,9,0.0006,0.0053
0510,0,5,10,0.0003,0.0055
0511,0,5,11,-0.0018,0.00581
0512,0,5,12,0.0001,0.00617
0513,0,5,13,0.0,0.00654
0514,0,5,14,-0.0009,0.00694
0515,0,5,15,0.0037,0.00731
0516,0,5,16,-0.0005,0.00769
0517,0,5,17,-0.0015,0.00802
0518,0,5,18,0.0002,0.00841
0519,0,5,19,0.0005,0.00873
0520,0,5,20,-0.0002,0.00906
0521,0,5,21,-0.0001,0.00944
0522,0,5,22,-0.0007,0.00978
0523,0,5,23,-0.0005,0.0101
0524,0,5,24,-0.001,0.01043
0525,0,5,25,-0.0013,0.01077
0526,0,5,26,-0.0,0.01112
0527,0,5,27,-0.0015,0.01148
0528,0,5,28,-0.002,0.01184
0529,0,5,29,-0.0019,0.01223
0530,0,5,30,-0.0017,0.01263
0531,0,5,31,-0.0017,0.01307
0532,0,5,32,-0.0194,0.01351
0533,0,5,33,-0.0013,0.01387
0534,0,5,34,-0.0013,0.01427
0535,0,5,35,-0.0014,0.01472
0536,0,5,36,-0.0011,0.01521
0537,0,5,37,-0.0008,0.01575
0538,0,5,38,-0.0006,0.01632
0539,0,5,39,-0.0003,0.01692
0605,0,6,5,-0.0001,0.00448
0606,0,6,6,0.0026,0.00477
0607,0,6,7,-0.0009,0.00513
0608,0,6,8,-0.001,0.00521
0609,0,6,9,0.0006,0.0053
0610,0,6,10,0.0003,0.0055
0611,0,6,11,-0.0018,0.00581
0612,0,6,12,0.0001,0.00617
0613,0,6,13,0.0,0.00654
0614,0,6,14,-0.0009,0.00694
0615,0,6,15,0.0037,0.00731
0616,0,6,16,-0.0005,0.00769
0617,0,6,17,-0.0015,0.00802
0618,0,6,18,0.0002,0.00841
0619,0,6,19,0.0005,0.00873
0620,0,6,20,-0.0002,0.00906
0621,0,6,21,-0.0001,0.00944
0622,0,6,22,-0.0007,0.00978
0623,0,6,23,-0.0005,0.0101
0624,0,6,24,-0.001,0.01043
0625,0,6,25,-0.0013,0.01077
0626,0,6,26,-0.0,0.01112
0627,0,6,27,-0.0015,0.01148
0628,0,6,28,-0.002,0.01184
0629,0,6,29,-0.0019,0.01223
0630,0,6,30,-0.0017,0.01263
0631,0,6,31,-0.0017,0.01307
0632,0,6,32,-0.0194,0.01351
0633,0,6,33,-0.0013,0.01387
0634,0,6,34,-0.0013,0.01427
0635,0,6,35,-0.0014,0.01472
0636,0,6,36,-0.0011,0.01521
0637,0,6,37,-0.0008,0.01575
0638,0,6,38,-0.0006,0.01632
0639,0,6,39,-0.0003,0.01692
0705,0,7,5,-0.0001,0.00448
0706,0,7,6,0.0026,0.00477
0707,0,7,7,-0.0009,0.00513
0708,0,7,8,-0.001,0.00521
0709,0,7,9,0.0006,0.0053
0710,0,7,10,0.0003,0.0055
0711,0,7,11,-0.0018,0.00581
0712,0,7,12,0.0001,0.00617
0713,0,7,13,0.0,0.00654
0714,0,7,14,-0.0009,0.00694
0715,0,7,15,0.0037,0.00731
0716,0,7,16,-0.0005,0.00769
0717,0,7,17,-0.0015,0.00802
0718,0,7,18,0.0002,0.00841
0719,0,7,19,0.0005,0.00873
0720,0,7,20,-0.0002,0.00906
0721,0,7,21,-0.0001,0.00944
0722,0,7,22,-0.0007,0.00978
0723,0,7,23,-0.0005,0.0101
0724,0,7,24,-0.001,0.01043
0725,0,7,25,-0.0013,0.01077
0726,0,7,26,-0.0,0.01112
0727,0,7,27,-0.0015,0.01148
0728,0,7,28,-0.002,0.01184
0729,0,7,29,-0.0019,0.01223
0730,0,7,30,-0.0017,0.01263
0731,0,7,31,-0.0017,0.01307
0732,0,7,32,-0.0194,0.01351
0733,0,7,33,-0.0013,0.01387
0734,0,7,34,-0.0013,0.01427
0735,0,7,35,-0.0014,0.01472
0736,0,7,36,-0.0011,0.01521
0737,0,7,37,-0.0008,0.01575
0738,0,7,38,-0.0006,0.01632
0739,0,7,39,-0.0003,0.01692
0805,0,8,5,-0.0001,0.00448
0806,0,8,6,0.0026,0.00477
0807,0,8,7,-0.0009,0.00513
0808,0,8,8,-0.001,0.00521
0809,0,8,9,0.0006,0.0053
0810,0,8,10,0.0003,0.0055
0811,0,8,11,-0.0018,0.00581
0812,0,8,12,0.0001,0.00617
0813,0,8,13,0.0,0.00654
0814,0,8,14,-0.0009,0.00694
0815,0,8,15,0.0037,0.00731
0816,0,8,16,-0.0005,0.00769
0817,0,8,17,-0.0015,0.00802
0818,0,8,18,0.0002,0.00841
0819,0,8,19,0.0005,0.00873
0820,0,8,20,-0.0002,0.00906
0821,0,8,21,-0.0001,0.00944
0822,0,8,22,-0.0007,0.00978
0823,0,8,23,-0.0005,0.0101
0824,0,8,24,-0.001,0.01043
0825,0,8,25,-0.0013,0.01077
0826,0,8,26,-0.0,0.01112
0827,0,8,27,-0.0015,0.01148
0828,0,8,28,-0.002,0.01184
0829,0,8,29,-0.0019,0.01223
0830,0,8,30,-0.0017,0.01263
0831,0,8,31,-0.0017,0.01307
0832,0,8,32,-0.0194,0.01351
0833,0,8,33,-0.0013,0.01387
0834,0,8,34,-0.0013,0.01427
0835,0,8,35,-0.0014,0.01472
0836,0,8,36,-0.0011,0.01521
0837,0,8,37,-0.0008,0.01575
0838,0,8,38,-0.0006,0.01632
0839,0,8,39,-0.0003,0.01692
0905,0,9,5,-0.0001,0.00448
0906,0,9,6,0.0026,0.00477
0907,0,9,7,-0.0009,0.00513
0908,0,9,8,-0.001,0.00521
0909,0,9,9,0.0006,0.0053
0910,0,9,10,0.0003,0.0055
0911,0,9,11,-0.0018,0.00581
0912,0,9,12,0.0001,0.00617
0913,0,9,13,0.0,0.00654
0914,0,9,14,-0.0009,0.00694
0915,0,9,15,0.0037,0.00731
0916,0,9,16,-0.0005,0.00769
0917,0,9,17,-0.0015,0.00802
0918,0,9,18,0.0002,0.00841
0919,0,9,19,0.0005,0.00873
0920,0,9,20,-0.0002,0.00906
0921,0,9,21,-0.0001,0.00944
0922,0,9,22,-0.0007,0.00978
0923,0,9,23,-0.0005,0.0101
0924,0,9,24,-0.001,0.01043
0925,0,9,25,-0.0013,0.01077
0926,0,9,26,-0.0,0.01112
0927,0,9,27,-0.0015,0.01148
0928,0,9,28,-0.002,0.01184
0929,0,9,29,-0.0019,0.01223
0930,0,9,30,-0.0017,0.01263
0931,0,9,31,-0.0017,0.01307
0932,0,9,32,-0.0194,0.01351
0933,0,9,33,-0.0013,0.01387
0934,0,9,34,-0.0013,0.01427
0935,0,9,35,-0.0014,0.01472
0936,0,9,36,-0.0011,0.01521
0937,0,9,37,-0.0008,0.01575
0938,0,9,38,-0.0006,0.01632
0939,0,9,39,-0.0003,0.01692
1005,1,0,5,0.1266,0.00459
1006,1,0,6,0.1255,0.00479
1007,1,0,7,0.127,0.005
1008,1,0,8,0.108,0.00522
1009,1,0,9,0.0867,0.0054
1010,1,0,10,0.0979,0.00561
1011,1,0,11,0.1052,0.00588
1012,1,0,12,0.0917,0.00622
1013,1,0,13,0.0708,0.00657
1014,1,0,14,0.0847,0.00694
1015,1,0,15,0.1133,0.00732
1016,1,0,16,0.1009,0.00769
1017,1,0,17,0.0702,0.00804
1018,1,0,18,0.076,0.00839
1019,1,0,19,0.0826,0.00874
1020,1,0,20,0.0676,0.0091
1021,1,0,21,0.071,0.00944
1022,1,0,22,0.0764,0.00979
1023,1,0,23,0.0794,0.01012
1024,1,0,24,0.0805,0.01045
1025,1,0,25,0.0819,0.01079
1026,1,0,26,0.0758,0.01114
1027,1,0,27,0.0929,0.0115
1028,1,0,28,0.0889,0.01188
1029,1,0,29,0.0901,0.01227
1030,1,0,30,0.0918,0.01263
1031,1,0,31,0.0769,0.013
1032,1,0,32,0.0844,0.0134
1033,1,0,33,0.0892,0.0138
1034,1,0,34,0.106,0.01426
1035,1,0,35,0.1039,0.01479
1036,1,0,36,0.1011,0.01536
1037,1,0,37,0.0624,0.01597
1038,1,0,38,0.0971,0.01648
1039,1,0,39,0.1028,0.01705
1105,1,1,5,0.1209,0.00454
1106,1,1,6,0.1197,0.0047
1107,1,1,7,0.1023,0.00494
1108,1,1,8,0.0944,0.00521
1109,1,1,9,0.0952,0.00544
1110,1,1,10,0.1091,0.00572
1111,1,1,11,0.1172,0.00601
1112,1,1,12,0.0943,0.00633
1113,1,1,13,0.0782,0.00668
1114,1,1,14,0.0803,0.00705
1115,1,1,15,0.0843,0.00739
1116,1,1,16,0.0789,0.00776
1117,1,1,17,0.109,0.0081
1118,1,1,18,0.0736,0.00844
1119,1,1,19,0.0758,0.00877
1120,1,1,20,0.0805,0.00911
1121,1,1,21,0.1379,0.00943
1122,1,1,22,0.0701,0.00978
1123,1,1,23,0.0752,0.01014
1124,1,1,24,0.0765,0.01046
1125,1,1,25,0.0763,0.0108
1126,1,1,26,0.1003,0.01114
1127,1,1,27,0.0864,0.0115
1128,1,1,28,0.0835,0.01187
1129,1,1,29,0.0862,0.01225
1130,1,1,30,0.0903,0.01266
1131,1,1,31,0.0923,0.01304
1132,1,1,32,0.0799,0.01341
1133,1,1,33,0.1046,0.01381
1134,1,1,34,0.1038,0.01427
1135,1,1,35,0.1048,0.01478
1136,1,1,36,0.1055,0.01533
1137,1,1,37,0.1063,0.0159
1138,1,1,38,0.1068,0.01649
1139,1,1,39,0.0818,0.01712
1205,1,2,5,0.1316,0.00459
1206,1,2,6,0.1096,0.00475
1207,1,2,7,0.1205,0.00494
1208,1,2,8,0.122,0.0052
1209,1,2,9,0.1126,0.00542
1210,1,2,10,0.1205,0.00565
1211,1,2,11,0.1264,0.00593
1212,1,2,12,0.1003,0.00626
1213,1,2,13,0.0871,0.00662
1214,1,2,14,0.0758,0.00699
1215,1,2,15,0.0798,0.00736
1216,1,2,16,0.0714,0.00771
1217,1,2,17,0.063,0.00809
1218,1,2,18,0.0748,0.00843
1219,1,2,19,0.1059,0.00877
1220,1,2,20,0.0678,0.0091
1221,1,2,21,0.0801,0.00946
1222,1,2,22,0.0879,0.00979
1223,1,2,23,0.0989,0.01014
1224,1,2,24,0.1033,0.01051
1225,1,2,25,0.0786,0.01086
1226,1,2,26,0.0755,0.01119
1227,1,2,27,0.0729,0.01154
1228,1,2,28,0.0645,0.01189
1229,1,2,29,0.0728,0.01226
1230,1,2,30,0.0702,0.01266
1231,1,2,31,0.0769,0.01308
1232,1,2,32,0.0941,0.0135
1233,1,2,33,0.0744,0.01387
1234,1,2,34,0.0833,0.0143
1235,1,2,35,0.089,0.01478
1236,1,2,36,0.0946,0.01531
1237,1,2,37,0.0994,0.01587
1238,1,2,38,0.1036,0.01647
1239,1,2,39,0.1355,0.01709
1305,1,3,5,0.1463,0.00465
1306,1,3,6,0.1251,0.00479
1307,1,3,7,0.1377,0.00495
1308,1,3,8,0.0882,0.00517
1309,1,3,9,0.1127,0.00537
1310,1,3,10,0.1188,0.00559
1311,1,3,11,0.1321,0.00588
1312,1,3,12,0.1154,0.00623
1313,1,3,13,0.0939,0.0066
1314,1,3,14,0.0736,0.00697
1315,1,3,15,0.0767,0.00736
1316,1,3,16,0.1148,0.00774
1317,1,3,17,0.0935,0.00808
1318,1,3,18,0.0963,0.00843
1319,1,3,19,0.0867,0.0088
1320,1,3,20,0.0976,0.00913
1321,1,3,21,0.0984,0.00945
1322,1,3,22,0.0988,0.0098
1323,1,3,23,0.1014,0.01017
1324,1,3,24,0.1008,0.0105
1325,1,3,25,0.0924,0.01084
1326,1,3,26,0.09,0.01118
1327,1,3,27,0.0895,0.01153
1328,1,3,28,0.0894,0.01189
1329,1,3,29,0.0904,0.01226
1330,1,3,30,0.1102,0.01266
1331,1,3,31,0.0828,0.01307
1332,1,3,32,0.1017,0.0135
1333,1,3,33,0.1035,0.01389
1334,1,3,34,0.1042,0.01432
1335,1,3,35,0.0659,0.0148
1336,1,3,36,0.0974,0.01532
1337,1,3,37,0.1026,0.01588
1338,1,3,38,0.1082,0.01647
1339,1,3,39,0.1125,0.01709
1405,1,4,5,0.1204,0.00471
1406,1,4,6,0.1325,0.00485
1407,1,4,7,0.1454,0.00498
1408,1,4,8,0.1338,0.00516
1409,1,4,9,0.1261,0.00534
1410,1,4,10,0.1224,0.00556
1411,1,4,11,0.1273,0.00585
1412,1,4,12,0.1231,0.00621
1413,1,4,13,0.1446,0.00658
1414,1,4,14,0.0889,0.00696
1415,1,4,15,0.1177,0.00735
1416,1,4,16,0.1024,0.00774
1417,1,4,17,0.1074,0.00808
1418,1,4,18,0.1311,0.00843
1419,1,4,19,0.0914,0.0088
1420,1,4,20,0.096,0.00912
1421,1,4,21,0.1081,0.00945
1422,1,4,22,0.1231,0.0098
1423,1,4,23,0.0951,0.01017
1424,1,4,24,0.0979,0.01052
1425,1,4,25,0.0996,0.01087
1426,1,4,26,0.1499,0.01121
1427,1,4,27,0.1349,0.01156
1428,1,4,28,0.0789,0.01192
1429,1,4,29,0.1125,0.0123
1430,1,4,30,0.1164,0.01269
1431,1,4,31,0.1488,0.01306
1432,1,4,32,0.1342,0.01345
1433,1,4,33,0.1289,0.01386
1434,1,4,34,0.0828,0.01434
1435,1,4,35,0.1205,0.01486
1436,1,4,36,0.1241,0.01535
1437,1,4,37,0.1271,0.01589
1438,1,4,38,0.1411,0.01647
1439,1,4,39,0.1399,0.01708
1505,1,5,5,0.1171,0.00479
1506,1,5,6,0.1419,0.00493
1507,1,5,7,0.1573,0.00503
1508,1,5,8,0.144,0.00518
1509,1,5,9,0.124,0.00532
1510,1,5,10,0.1333,0.00554
1511,1,5,11,0.142,0.00586
1512,1,5,12,0.1422,0.00624
1513,1,5,13,0.1264,0.00662
1514,1,5,14,0.1327,0.00701
1515,1,5,15,0.1342,0.00737
1516,1,5,16,0.1567,0.00774
1517,1,5,17,0.1049,0.0081
1518,1,5,18,0.1303,0.00846
1519,1,5,19,0.1383,0.00879
1520,1,5,20,0.1306,0.00913
1521,1,5,21,0.1246,0.00945
1522,1,5,22,0.117,0.0098
1523,1,5,23,0.1321,0.01016
1524,1,5,24,0.1269,0.01052
1525,1,5,25,0.1238,0.01084
1526,1,5,26,0.1081,0.01118
1527,1,5,27,0.1233,0.01153
1528,1,5,28,0.1117,0.01188
1529,1,5,29,0.1136,0.01226
1530,1,5,30,0.1171,0.01265
1531,1,5,31,0.1394,0.01307
1532,1,5,32,0.13,0.01351
1533,1,5,33,0.1291,0.01387
1534,1,5,34,0.1282,0.01429
1535,1,5,35,0.1204,0.01477
1536,1,5,36,0.1264,0.01529
1537,1,5,37,0.1375,0.01585
1538,1,5,38,0.1386,0.01645
1539,1,5,39,0.1416,0.01707
1605,1,6,5,0.1321,0.00493
1606,1,6,6,0.1378,0.0051
1607,1,6,7,0.1883,0.00518
1608,1,6,8,0.1444,0.00528
1609,1,6,9,0.1561,0.00542
1610,1,6,10,0.1568,0.0057
1611,1,6,11,0.1615,0.00602
1612,1,6,12,0.1382,0.00635
1613,1,6,13,0.1474,0.00668
1614,1,6,14,0.1302,0.00701
1615,1,6,15,0.1248,0.00735
1616,1,6,16,0.1309,0.00769
1617,1,6,17,0.1544,0.00804
1618,1,6,18,0.1811,0.00836
1619,1,6,19,0.1313,0.00872
1620,1,6,20,0.121,0.00904
1621,1,6,21,0.1173,0.0094
1622,1,6,22,0.1278,0.00973
1623,1,6,23,0.122,0.01009
1624,1,6,24,0.1186,0.01046
1625,1,6,25,0.1158,0.01079
1626,1,6,26,0.1229,0.01113
1627,1,6,27,0.1201,0.01148
1628,1,6,28,0.114,0.01185
1629,1,6,29,0.1084,0.01223
1630,1,6,30,0.1208,0.01264
1631,1,6,31,0.1224,0.013
1632,1,6,32,0.1252,0.01337
1633,1,6,33,0.1287,0.01381
1634,1,6,34,0.1322,0.01431
1635,1,6,35,0.1419,0.01484
1636,1,6,36,0.1403,0.01537
1637,1,6,37,0.1306,0.01595
1638,1,6,38,0.1373,0.01655
1639,1,6,39,0.1418,0.01718
1705,1,7,5,0.1684,0.00509
1706,1,7,6,0.1626,0.00537
1707,1,7,7,0.1685,0.00553
1708,1,7,8,0.1726,0.00572
1709,1,7,9,0.1798,0.00588
1710,1,7,10,0.2033,0.00605
1711,1,7,11,0.2098,0.0062
1712,1,7,12,0.1953,0.0064
1713,1,7,13,0.1991,0.00662
1714,1,7,14,0.1358,0.00688
1715,1,7,15,0.1551,0.00722
1716,1,7,16,0.1601,0.00757
1717,1,7,17,0.1685,0.00797
1718,1,7,18,0.1311,0.00835
1719,1,7,19,0.1214,0.00871
1720,1,7,20,0.1277,0.00909
1721,1,7,21,0.1245,0.00941
1722,1,7,22,0.1216,0.00976
1723,1,7,23,0.1201,0.01011
1724,1,7,24,0.1265,0.01044
1725,1,7,25,0.1229,0.01079
1726,1,7,26,0.1208,0.01115
1727,1,7,27,0.12,0.01152
1728,1,7,28,0.1304,0.01187
1729,1,7,29,0.1254,0.01221
1730,1,7,30,0.1298,0.01255
1731,1,7,31,0.1335,0.01291
1732,1,7,32,0.1221,0.01333
1733,1,7,33,0.1377,0.0138
1734,1,7,34,0.1415,0.01432
1735,1,7,35,0.1464,0.01488
1736,1,7,36,0.1511,0.01538
1737,1,7,37,0.1566,0.01592
1738,1,7,38,0.1934,0.01649
1739,1,7,39,0.1697,0.01709
1805,1,8,5,0.1876,0.00519
1806,1,8,6,0.1781,0.00559
1807,1,8,7,0.1809,0.00622
1808,1,8,8,0.1803,0.00649
1809,1,8,9,0.2109,0.00655
1810,1,8,10,0.2119,0.00648
1811,1,8,11,0.1885,0.0064
1812,1,8,12,0.1978,0.00638
1813,1,8,13,0.1964,0.00646
1814,1,8,14,0.183,0.00679
1815,1,8,15,0.1783,0.00723
1816,1,8,16,0.1621,0.00763
1817,1,8,17,0.1697,0.00802
1818,1,8,18,0.1682,0.00839
1819,1,8,19,0.1533,0.00875
1820,1,8,20,0.1495,0.00908
1821,1,8,21,0.1462,0.00944
1822,1,8,22,0.1473,0.00979
1823,1,8,23,0.1536,0.01012
1824,1,8,24,0.1561,0.01046
1825,1,8,25,0.1633,0.01082
1826,1,8,26,0.1581,0.01117
1827,1,8,27,0.153,0.01151
1828,1,8,28,0.146,0.01187
1829,1,8,29,0.1506,0.01223
1830,1,8,30,0.1469,0.01261
1831,1,8,31,0.1508,0.01297
1832,1,8,32,0.1573,0.01338
1833,1,8,33,0.1711,0.01384
1834,1,8,34,0.1735,0.01434
1835,1,8,35,0.177,0.01485
1836,1,8,36,0.1649,0.01532
1837,1,8,37,0.1807,0.01584
1838,1,8,38,0.1848,0.01641
1839,1,8,39,0.1893,0.01703
1905,1,9,5,0.2389,0.00573
1906,1,9,6,0.2647,0.00621
1907,1,9,7,0.2533,0.00659
1908,1,9,8,0.2594,0.00695
1909,1,9,9,0.2603,0.00709
1910,1,9,10,0.2603,0.00687
1911,1,9,11,0.277,0.00664
1912,1,9,12,0.2855,0.00619
1913,1,9,13,0.2693,0.00649
1914,1,9,14,0.2921,0.00693
1915,1,9,15,0.2648,0.00735
1916,1,9,16,0.2384,0.00774
1917,1,9,17,0.2297,0.0081
1918,1,9,18,0.2413,0.00848
1919,1,9,19,0.2427,0.00882
1920,1,9,20,0.2893,0.00917
1921,1,9,21,0.2186,0.00948
1922,1,9,22,0.2195,0.00982
1923,1,9,23,0.2206,0.01017
1924,1,9,24,0.2197,0.0105
1925,1,9,25,0.2258,0.01083
1926,1,9,26,0.2218,0.01116
1927,1,9,27,0.2188,0.01149
1928,1,9,28,0.2154,0.01181
1929,1,9,29,0.2113,0.01214
1930,1,9,30,0.2078,0.01249
1931,1,9,31,0.1955,0.01289
1932,1,9,32,0.2148,0.01332
1933,1,9,33,0.2111,0.01379
1934,1,9,34,0.2205,0.0143
1935,1,9,35,0.232,0.01483
1936,1,9,36,0.239,0.01536
1937,1,9,37,0.2512,0.01588
1938,1,9,38,0.2548,0.01644
1939,1,9,39,0.2589,0.01703
2005,2,0,5,0.2085,0.00457
2006,2,0,6,0.2013,0.00471
2007,2,0,7,0.2274,0.00494
2008,2,0,8,0.2356,0.00528
2009,2,0,9,0.2236,0.00563
2010,2,0,10,0.2066,0.00588
2011,2,0,11,0.1879,0.00611
2012,2,0,12,0.2002,0.00638
2013,2,0,13,0.1875,0.00669
2014,2,0,14,0.1763,0.00703
2015,2,0,15,0.1796,0.00738
2016,2,0,16,0.1846,0.00774
2017,2,0,17,0.2119,0.0081
2018,2,0,18,0.196,0.00846
2019,2,0,19,0.1522,0.00882
2020,2,0,20,0.1622,0.00916
2021,2,0,21,0.1684,0.00949
2022,2,0,22,0.1564,0.00983
2023,2,0,23,0.1633,0.01018
2024,2,0,24,0.1649,0.01051
2025,2,0,25,0.1689,0.01085
2026,2,0,26,0.1646,0.01121
2027,2,0,27,0.1983,0.01159
2028,2,0,28,0.1878,0.01194
2029,2,0,29,0.1815,0.01228
2030,2,0,30,0.1841,0.01264
2031,2,0,31,0.1787,0.01301
2032,2,0,32,0.1847,0.0134
2033,2,0,33,0.1897,0.01387
2034,2,0,34,0.1924,0.0144
2035,2,0,35,0.1938,0.01486
2036,2,0,36,0.2027,0.01538
2037,2,0,37,0.207,0.01594
2038,2,0,38,0.2101,0.01653
2039,2,0,39,0.2116,0.01717
2105,2,1,5,0.1821,0.00921
2106,2,1,6,0.1943,0.00879
2107,2,1,7,0.1991,0.00882
2108,2,1,8,0.1937,0.00889
2109,2,1,9,0.1799,0.009
2110,2,1,10,0.1827,0.00915
2111,2,1,11,0.1843,0.0092
2112,2,1,12,0.1878,0.00739
2113,2,1,13,0.1875,0.00735
2114,2,1,14,0.2064,0.00752
2115,2,1,15,0.1912,0.00778
2116,2,1,16,0.1717,0.00806
2117,2,1,17,0.1654,0.00838
2118,2,1,18,0.1776,0.00868
2119,2,1,19,0.171,0.00897
2120,2,1,20,0.17,0.0093
2121,2,1,21,0.1732,0.00959
2122,2,1,22,0.1677,0.00991
2123,2,1,23,0.236,0.01025
2124,2,1,24,0.165,0.0106
2125,2,1,25,0.174,0.01091
2126,2,1,26,0.1696,0.01123
2127,2,1,27,0.1832,0.01157
2128,2,1,28,0.1792,0.01194
2129,2,1,29,0.1753,0.01232
2130,2,1,30,0.178,0.01272
2131,2,1,31,0.1863,0.01304
2132,2,1,32,0.1933,0.01343
2133,2,1,33,0.1955,0.01389
2134,2,1,34,0.1919,0.01438
2135,2,1,35,0.1986,0.0149
2136,2,1,36,0.2039,0.01546
2137,2,1,37,0.208,0.01604
2138,2,1,38,0.211,0.01665
2139,2,1,39,0.2135,0.01729
2205,2,2,5,0.2215,0.00457
2206,2,2,6,0.214,0.00474
2207,2,2,7,0.2503,0.005
2208,2,2,8,0.2064,0.00533
2209,2,2,9,0.2313,0.00565
2210,2,2,10,0.2157,0.00593
2211,2,2,11,0.2316,0.00622
2212,2,2,12,0.1939,0.00654
2213,2,2,13,0.1789,0.00688
2214,2,2,14,0.1854,0.00723
2215,2,2,15,0.178,0.00759
2216,2,2,16,0.1758,0.00793
2217,2,2,17,0.1728,0.00828
2218,2,2,18,0.1621,0.00861
2219,2,2,19,0.1667,0.00895
2220,2,2,20,0.1705,0.00928
2221,2,2,21,0.1732,0.00962
2222,2,2,22,0.1751,0.00994
2223,2,2,23,0.1778,0.01027
2224,2,2,24,0.1746,0.01063
2225,2,2,25,0.1735,0.01097
2226,2,2,26,0.1727,0.01131
2227,2,2,27,0.1602,0.01168
2228,2,2,28,0.1843,0.01203
2229,2,2,29,0.1656,0.01236
2230,2,2,30,0.2636,0.0127
2231,2,2,31,0.2382,0.0131
2232,2,2,32,0.178,0.01358
2233,2,2,33,0.1853,0.0141
2234,2,2,34,0.1913,0.01458
2235,2,2,35,0.2023,0.01509
2236,2,2,36,0.1942,0.01563
2237,2,2,37,0.1926,0.01621
2238,2,2,38,0.2024,0.01681
2239,2,2,39,0.2097,0.01744
2305,2,3,5,0.2202,0.00464
2306,2,3,6,0.2371,0.00474
2307,2,3,7,0.2446,0.00493
2308,2,3,8,0.2418,0.0052
2309,2,3,9,0.2573,0.00552
2310,2,3,10,0.2597,0.00581
2311,2,3,11,0.234,0.0061
2312,2,3,12,0.2517,0.00641
2313,2,3,13,0.1922,0.00677
2314,2,3,14,0.175,0.00714
2315,2,3,15,0.1932,0.00753
2316,2,3,16,0.189,0.00788
2317,2,3,17,0.1986,0.00824
2318,2,3,18,0.1887,0.00861
2319,2,3,19,0.1913,0.00895
2320,2,3,20,0.1947,0.00933
2321,2,3,21,0.1953,0.00964
2322,2,3,22,0.2019,0.00998
2323,2,3,23,0.1978,0.01034
2324,2,3,24,0.1972,0.01067
2325,2,3,25,0.1964,0.01101
2326,2,3,26,0.2,0.01136
2327,2,3,27,0.1952,0.01173
2328,2,3,28,0.1847,0.01205
2329,2,3,29,0.2133,0.01237
2330,2,3,30,0.2007,0.01272
2331,2,3,31,0.1959,0.01314
2332,2,3,32,0.1979,0.01363
2333,2,3,33,0.1968,0.01417
2334,2,3,34,0.2001,0.01468
2335,2,3,35,0.226,0.01519
2336,2,3,36,0.224,0.01574
2337,2,3,37,0.2277,0.01633
2338,2,3,38,0.2154,0.01694
2339,2,3,39,0.2289,0.01758
2405,2,4,5,0.2471,0.00476
2406,2,4,6,0.2474,0.00482
2407,2,4,7,0.2428,0.00494
2408,2,4,8,0.258,0.00513
2409,2,4,9,0.2565,0.00541
2410,2,4,10,0.2389,0.00568
2411,2,4,11,0.2453,0.00596
2412,2,4,12,0.2224,0.00631
2413,2,4,13,0.2081,0.00671
2414,2,4,14,0.2351,0.00711
2415,2,4,15,0.2434,0.00748
2416,2,4,16,0.2439,0.00788
2417,2,4,17,0.2275,0.00823
2418,2,4,18,0.2389,0.00859
2419,2,4,19,0.2104,0.00895
2420,2,4,20,0.216,0.00931
2421,2,4,21,0.2029,0.00964
2422,2,4,22,0.2076,0.00998
2423,2,4,23,0.2368,0.01033
2424,2,4,24,0.2419,0.01066
2425,2,4,25,0.2342,0.011
2426,2,4,26,0.2394,0.01135
2427,2,4,27,0.2174,0.01171
2428,2,4,28,0.2566,0.01209
2429,2,4,29,0.2165,0.01247
2430,2,4,30,0.2187,0.01287
2431,2,4,31,0.2189,0.01327
2432,2,4,32,0.2546,0.01367
2433,2,4,33,0.2515,0.01412
2434,2,4,34,0.2503,0.0146
2435,2,4,35,0.195,0.01511
2436,2,4,36,0.2133,0.01566
2437,2,4,37,0.2429,0.01622
2438,2,4,38,0.2514,0.01682
2439,2,4,39,0.2545,0.01745
2505,2,5,5,0.2727,0.00499
2506,2,5,6,0.2752,0.00501
2507,2,5,7,0.269,0.00507
2508,2,5,8,0.2846,0.00518
2509,2,5,9,0.2851,0.00538
2510,2,5,10,0.2699,0.00565
2511,2,5,11,0.2488,0.00605
2512,2,5,12,0.2705,0.00646
2513,2,5,13,0.28,0.00686
2514,2,5,14,0.2447,0.00724
2515,2,5,15,0.242,0.0076
2516,2,5,16,0.2698,0.00795
2517,2,5,17,0.2374,0.00828
2518,2,5,18,0.2345,0.00863
2519,2,5,19,0.2427,0.00894
2520,2,5,20,0.2325,0.00928
2521,2,5,21,0.2462,0.00962
2522,2,5,22,0.2386,0.00993
2523,2,5,23,0.2335,0.01026
2524,2,5,24,0.24,0.01061
2525,2,5,25,0.2317,0.01098
2526,2,5,26,0.2284,0.01132
2527,2,5,27,0.2543,0.01168
2528,2,5,28,0.2332,0.01201
2529,2,5,29,0.2315,0.01235
2530,2,5,30,0.2336,0.0127
2531,2,5,31,0.2462,0.01309
2532,2,5,32,0.248,0.01356
2533,2,5,33,0.2509,0.01405
2534,2,5,34,0.2545,0.01452
2535,2,5,35,0.2635,0.01504
2536,2,5,36,0.2133,0.01559
2537,2,5,37,0.2196,0.01615
2538,2,5,38,0.2323,0.01677
2539,2,5,39,0.2374,0.01741
2605,2,6,5,0.2934,0.00548
2606,2,6,6,0.293,0.0055
2607,2,6,7,0.3126,0.00548
2608,2,6,8,0.3275,0.0056
2609,2,6,9,0.3021,0.00597
2610,2,6,10,0.3168,0.00626
2611,2,6,11,0.3195,0.00651
2612,2,6,12,0.3099,0.00676
2613,2,6,13,0.2835,0.007
2614,2,6,14,0.2656,0.00726
2615,2,6,15,0.319,0.00751
2616,2,6,16,0.2871,0.00779
2617,2,6,17,0.2524,0.00808
2618,2,6,18,0.2591,0.00837
2619,2,6,19,0.258,0.00869
2620,2,6,20,0.2449,0.00902
2621,2,6,21,0.2508,0.00938
2622,2,6,22,0.252,0.00973
2623,2,6,23,0.2457,0.0101
2624,2,6,24,0.2537,0.01044
2625,2,6,25,0.2585,0.01081
2626,2,6,26,0.253,0.01116
2627,2,6,27,0.2502,0.0115
2628,2,6,28,0.261,0.01185
2629,2,6,29,0.2535,0.01223
2630,2,6,30,0.2511,0.01261
2631,2,6,31,0.2482,0.01303
2632,2,6,32,0.2449,0.0135
2633,2,6,33,0.2482,0.01401
2634,2,6,34,0.2584,0.01456
2635,2,6,35,0.2664,0.01512
2636,2,6,36,0.2985,0.01564
2637,2,6,37,0.2847,0.0162
2638,2,6,38,0.2899,0.01679
2639,2,6,39,0.2953,0.01742
2705,2,7,5,0.3097,0.00632
2706,2,7,6,0.3099,0.0067
2707,2,7,7,0.3409,0.00707
2708,2,7,8,0.3259,0.00718
2709,2,7,9,0.3383,0.00714
2710,2,7,10,0.3423,0.00715
2711,2,7,11,0.3661,0.00713
2712,2,7,12,0.3524,0.00712
2713,2,7,13,0.3277,0.00714
2714,2,7,14,0.3267,0.00722
2715,2,7,15,0.3104,0.00736
2716,2,7,16,0.2902,0.00754
2717,2,7,17,0.2849,0.0078
2718,2,7,18,0.3383,0.00816
2719,2,7,19,0.2763,0.00859
2720,2,7,20,0.2798,0.00901
2721,2,7,21,0.2735,0.00938
2722,2,7,22,0.2784,0.00976
2723,2,7,23,0.2829,0.01011
2724,2,7,24,0.2808,0.01049
2725,2,7,25,0.2772,0.01081
2726,2,7,26,0.2822,0.01116
2727,2,7,27,0.2787,0.0115
2728,2,7,28,0.2772,0.01187
2729,2,7,29,0.2814,0.0123
2730,2,7,30,0.2802,0.0128
2731,2,7,31,0.2784,0.01321
2732,2,7,32,0.2815,0.01368
2733,2,7,33,0.2807,0.0142
2734,2,7,34,0.2862,0.01469
2735,2,7,35,0.298,0.01519
2736,2,7,36,0.3047,0.01574
2737,2,7,37,0.3127,0.01634
2738,2,7,38,0.3427,0.01695
2739,2,7,39,0.3297,0.01751
2805,2,8,5,0.3765,0.00755
2806,2,8,6,0.384,0.00819
2807,2,8,7,0.3883,0.00867
2808,2,8,8,0.3962,0.00895
2809,2,8,9,0.3966,0.00902
2810,2,8,10,0.4005,0.00892
2811,2,8,11,0.421,0.00862
2812,2,8,12,0.4316,0.00827
2813,2,8,13,0.4101,0.00791
2814,2,8,14,0.4354,0.00776
2815,2,8,15,0.3811,0.00745
2816,2,8,16,0.3846,0.00744
2817,2,8,17,0.3766,0.00795
2818,2,8,18,0.3689,0.0084
2819,2,8,19,0.3512,0.00881
2820,2,8,20,0.3441,0.00916
2821,2,8,21,0.3406,0.00951
2822,2,8,22,0.3363,0.00988
2823,2,8,23,0.3458,0.01018
2824,2,8,24,0.3473,0.01051
2825,2,8,25,0.346,0.01088
2826,2,8,26,0.3503,0.01121
2827,2,8,27,0.352,0.01159
2828,2,8,28,0.3522,0.01201
2829,2,8,29,0.3516,0.01242
2830,2,8,30,0.3538,0.01282
2831,2,8,31,0.3524,0.01325
2832,2,8,32,0.3509,0.01371
2833,2,8,33,0.3502,0.0142
2834,2,8,34,0.3506,0.01468
2835,2,8,35,0.3425,0.01514
2836,2,8,36,0.3402,0.01565
2837,2,8,37,0.352,0.01619
2838,2,8,38,0.3838,0.01678
2839,2,8,39,0.3786,0.01741
2905,2,9,5,0.5351,0.00907
2906,2,9,6,0.5391,0.00932
2907,2,9,7,0.5492,0.00961
2908,2,9,8,0.5545,0.00998
2909,2,9,9,0.5573,0.01042
2910,2,9,10,0.5611,0.01064
2911,2,9,11,0.5664,0.01022
2912,2,9,12,0.5708,0.00953
2913,2,9,13,0.5761,0.00871
2914,2,9,14,0.5919,0.00748
2915,2,9,15,0.5649,0.00747
2916,2,9,16,0.548,0.00791
2917,2,9,17,0.5517,0.00831
2918,2,9,18,0.547,0.00868
2919,2,9,19,0.5439,0.00903
2920,2,9,20,0.5364,0.00937
2921,2,9,21,0.5057,0.00968
2922,2,9,22,0.4995,0.01003
2923,2,9,23,0.4982,0.01036
2924,2,9,24,0.496,0.01075
2925,2,9,25,0.4944,0.01108
2926,2,9,26,0.4907,0.01142
2927,2,9,27,0.4882,0.01179
2928,2,9,28,0.4822,0.01218
2929,2,9,29,0.4785,0.01256
2930,2,9,30,0.4947,0.01293
2931,2,9,31,0.4655,0.01334
2932,2,9,32,0.4606,0.01375
2933,2,9,33,0.4551,0.01419
2934,2,9,34,0.4507,0.01465
2935,2,9,35,0.4585,0.01514
2936,2,9,36,0.4855,0.01566
2937,2,9,37,0.4669,0.01621
2938,2,9,38,0.4817,0.01679
2939,2,9,39,0.4877,0.01741
3005,3,0,5,0.3033,0.00477
3006,3,0,6,0.3161,0.00496
3007,3,0,7,0.3289,0.0052
3008,3,0,8,0.3473,0.0055
3009,3,0,9,0.3645,0.00587
3010,3,0,10,0.3222,0.00622
3011,3,0,11,0.28,0.00646
3012,3,0,12,0.2816,0.00667
3013,3,0,13,0.3103,0.0069
3014,3,0,14,0.2776,0.00719
3015,3,0,15,0.2781,0.0075
3016,3,0,16,0.2375,0.00784
3017,3,0,17,0.2416,0.00818
3018,3,0,18,0.3121,0.00853
3019,3,0,19,0.2586,0.00888
3020,3,0,20,0.2469,0.00923
3021,3,0,21,0.2529,0.00958
3022,3,0,22,0.2607,0.00991
3023,3,0,23,0.2527,0.01027
3024,3,0,24,0.2601,0.01061
3025,3,0,25,0.2623,0.01096
3026,3,0,26,0.2577,0.01133
3027,3,0,27,0.2611,0.01167
3028,3,0,28,0.2634,0.01201
3029,3,0,29,0.2897,0.01237
3030,3,0,30,0.2687,0.01273
3031,3,0,31,0.2773,0.01315
3032,3,0,32,0.2844,0.01365
3033,3,0,33,0.2887,0.01409
3034,3,0,34,0.2608,0.01458
3035,3,0,35,0.2913,0.0151
3036,3,0,36,0.2991,0.01565
3037,3,0,37,0.304,0.01625
3038,3,0,38,0.307,0.01687
3039,3,0,39,0.282,0.0175
3105,3,1,5,-0.3851,49.31468
3106,3,1,6,-0.2101,0.61926
3107,3,1,7,-0.6516,0.17816
3108,3,1,8,-0.3372,0.00669
3109,3,1,9,-0.1473,0.06172
3110,3,1,10,0.2854,0.01252
3111,3,1,11,0.2816,0.01196
3112,3,1,12,0.2817,0.01171
3113,3,1,13,0.2707,0.01149
3114,3,1,14,0.2731,0.01143
3115,3,1,15,0.2736,0.01154
3116,3,1,16,0.3147,0.01155
3117,3,1,17,0.3216,0.01162
3118,3,1,18,0.2943,0.01173
3119,3,1,19,0.2978,0.01171
3120,3,1,20,0.3263,0.01016
3121,3,1,21,0.3105,0.01017
3122,3,1,22,0.3069,0.01037
3123,3,1,23,0.2747,0.01057
3124,3,1,24,0.2794,0.01084
3125,3,1,25,0.2941,0.01115
3126,3,1,26,0.2738,0.01148
3127,3,1,27,0.2727,0.0118
3128,3,1,28,0.269,0.01209
3129,3,1,29,0.3225,0.01241
3130,3,1,30,0.281,0.01279
3131,3,1,31,0.2856,0.01325
3132,3,1,32,0.2915,0.0137
3133,3,1,33,0.3002,0.01415
3134,3,1,34,0.307,0.01464
3135,3,1,35,0.3117,0.01517
3136,3,1,36,0.3162,0.01573
3137,3,1,37,0.3128,0.01631
3138,3,1,38,0.3215,0.01694
3139,3,1,39,0.3305,0.01759
3205,3,2,5,0.2996,0.00773
3206,3,2,6,0.3059,0.00784
3207,3,2,7,0.312,0.0081
3208,3,2,8,0.3094,0.00831
3209,3,2,9,0.2984,0.00849
3210,3,2,10,0.2822,0.00756
3211,3,2,11,0.2854,0.00733
3212,3,2,12,0.3095,0.0074
3213,3,2,13,0.2923,0.00758
3214,3,2,14,0.285,0.00786
3215,3,2,15,0.2809,0.00813
3216,3,2,16,0.2793,0.00843
3217,3,2,17,0.2874,0.00871
3218,3,2,18,0.2916,0.00902
3219,3,2,19,0.2923,0.00935
3220,3,2,20,0.3187,0.00965
3221,3,2,21,0.3146,0.00994
3222,3,2,22,0.3128,0.01027
3223,3,2,23,0.3193,0.01057
3224,3,2,24,0.3085,0.01089
3225,3,2,25,0.3105,0.01123
3226,3,2,26,0.2876,0.01155
3227,3,2,27,0.2927,0.01184
3228,3,2,28,0.2839,0.01217
3229,3,2,29,0.2832,0.01257
3230,3,2,30,0.2827,0.01301
3231,3,2,31,0.2832,0.01344
3232,3,2,32,0.2826,0.01391
3233,3,2,33,0.2874,0.01441
3234,3,2,34,0.3605,0.01496
3235,3,2,35,0.3282,0.01554
3236,3,2,36,0.3274,0.01616
3237,3,2,37,0.3213,0.01676
3238,3,2,38,0.3303,0.01737
3239,3,2,39,0.338,0.01804
3305,3,3,5,0.3234,0.00474
3306,3,3,6,0.3273,0.00494
3307,3,3,7,0.3531,0.00519
3308,3,3,8,0.3643,0.00546
3309,3,3,9,0.3563,0.00577
3310,3,3,10,0.3183,0.00609
3311,3,3,11,0.3465,0.00641
3312,3,3,12,0.3129,0.00673
3313,3,3,13,0.3124,0.00709
3314,3,3,14,0.3015,0.00747
3315,3,3,15,0.2939,0.00785
3316,3,3,16,0.3019,0.00824
3317,3,3,17,0.3138,0.0086
3318,3,3,18,0.3158,0.00894
3319,3,3,19,0.2974,0.00928
3320,3,3,20,0.324,0.00962
3321,3,3,21,0.312,0.00997
3322,3,3,22,0.3122,0.0103
3323,3,3,23,0.2943,0.01062
3324,3,3,24,0.3113,0.01095
3325,3,3,25,0.3158,0.01127
3326,3,3,26,0.3114,0.01161
3327,3,3,27,0.2993,0.01193
3328,3,3,28,0.2982,0.01231
3329,3,3,29,0.2938,0.01275
3330,3,3,30,0.3134,0.01315
3331,3,3,31,0.3125,0.0136
3332,3,3,32,0.3119,0.01409
3333,3,3,33,0.304,0.01461
3334,3,3,34,0.3143,0.01518
3335,3,3,35,0.3179,0.01575
3336,3,3,36,0.3589,0.01637
3337,3,3,37,0.3276,0.01698
3338,3,3,38,0.35,0.0176
3339,3,3,39,0.3542,0.01828
3405,3,4,5,0.354,0.00483
3406,3,4,6,0.3537,0.00496
3407,3,4,7,0.3643,0.00512
3408,3,4,8,0.3786,0.00533
3409,3,4,9,0.4014,0.00556
3410,3,4,10,0.3503,0.00584
3411,3,4,11,0.3406,0.00615
3412,3,4,12,0.3369,0.00652
3413,3,4,13,0.3248,0.00695
3414,3,4,14,0.3563,0.00737
3415,3,4,15,0.3226,0.0078
3416,3,4,16,0.3253,0.00817
3417,3,4,17,0.3575,0.00854
3418,3,4,18,0.3291,0.0089
3419,3,4,19,0.336,0.00926
3420,3,4,20,0.3373,0.00963
3421,3,4,21,0.3251,0.01
3422,3,4,22,0.3289,0.01034
3423,3,4,23,0.3426,0.01069
3424,3,4,24,0.3288,0.01103
3425,3,4,25,0.3301,0.01138
3426,3,4,26,0.3228,0.01175
3427,3,4,27,0.337,0.01213
3428,3,4,28,0.3405,0.01247
3429,3,4,29,0.339,0.01281
3430,3,4,30,0.3545,0.01321
3431,3,4,31,0.3212,0.01365
3432,3,4,32,0.3224,0.01412
3433,3,4,33,0.3439,0.01463
3434,3,4,34,0.3582,0.01515
3435,3,4,35,0.3634,0.01571
3436,3,4,36,0.3691,0.01629
3437,3,4,37,0.3831,0.01689
3438,3,4,38,0.3878,0.01752
3439,3,4,39,0.4054,0.01814
3505,3,5,5,0.3916,0.00514
3506,3,5,6,0.3926,0.00524
3507,3,5,7,0.3971,0.00527
3508,3,5,8,0.4077,0.00539
3509,3,5,9,0.4134,0.00554
3510,3,5,10,0.3947,0.00596
3511,3,5,11,0.4032,0.00648
3512,3,5,12,0.4177,0.00689
3513,3,5,13,0.4244,0.00727
3514,3,5,14,0.3663,0.00761
3515,3,5,15,0.4187,0.00793
3516,3,5,16,0.3628,0.00826
3517,3,5,17,0.3904,0.00857
3518,3,5,18,0.3653,0.00891
3519,3,5,19,0.3827,0.00921
3520,3,5,20,0.3571,0.00952
3521,3,5,21,0.3589,0.00987
3522,3,5,22,0.3795,0.01015
3523,3,5,23,0.3696,0.01048
3524,3,5,24,0.3646,0.01083
3525,3,5,25,0.3653,0.01119
3526,3,5,26,0.3616,0.0115
3527,3,5,27,0.3691,0.01182
3528,3,5,28,0.3635,0.01216
3529,3,5,29,0.3612,0.01252
3530,3,5,30,0.3739,0.01289
3531,3,5,31,0.3678,0.01335
3532,3,5,32,0.3662,0.01386
3533,3,5,33,0.3806,0.01438
3534,3,5,34,0.383,0.01486
3535,3,5,35,0.3874,0.0154
3536,3,5,36,0.3927,0.01597
3537,3,5,37,0.3985,0.01657
3538,3,5,38,0.4043,0.01721
3539,3,5,39,0.4286,0.01788
3605,3,6,5,0.4543,0.00601
3606,3,6,6,0.4573,0.00597
3607,3,6,7,0.45,0.00598
3608,3,6,8,0.4906,0.00648
3609,3,6,9,0.4812,0.00671
3610,3,6,10,0.4787,0.0069
3611,3,6,11,0.4793,0.00708
3612,3,6,12,0.4822,0.00727
3613,3,6,13,0.4812,0.00744
3614,3,6,14,0.4788,0.00763
3615,3,6,15,0.473,0.00783
3616,3,6,16,0.3948,0.00804
3617,3,6,17,0.3987,0.00827
3618,3,6,18,0.3674,0.00852
3619,3,6,19,0.4061,0.0088
3620,3,6,20,0.389,0.00911
3621,3,6,21,0.3927,0.00941
3622,3,6,22,0.3953,0.00972
3623,3,6,23,0.3949,0.01008
3624,3,6,24,0.3913,0.01046
3625,3,6,25,0.3916,0.0108
3626,3,6,26,0.3982,0.01114
3627,3,6,27,0.4004,0.01158
3628,3,6,28,0.3979,0.01195
3629,3,6,29,0.401,0.0124
3630,3,6,30,0.3998,0.01293
3631,3,6,31,0.4036,0.01338
3632,3,6,32,0.4033,0.0139
3633,3,6,33,0.4085,0.01449
3634,3,6,34,0.4039,0.01498
3635,3,6,35,0.4069,0.01554
3636,3,6,36,0.4135,0.01615
3637,3,6,37,0.4371,0.01676
3638,3,6,38,0.4476,0.01739
3639,3,6,39,0.4497,0.01805
3705,3,7,5,0.4771,0.00864
3706,3,7,6,0.4817,0.00893
3707,3,7,7,0.5017,0.00906
3708,3,7,8,0.5316,0.00897
3709,3,7,9,0.513,0.00899
3710,3,7,10,0.5051,0.00886
3711,3,7,11,0.5111,0.00861
3712,3,7,12,0.5218,0.00854
3713,3,7,13,0.5023,0.0083
3714,3,7,14,0.5006,0.00821
3715,3,7,15,0.5131,0.00819
3716,3,7,16,0.4815,0.00818
3717,3,7,17,0.4644,0.00822
3718,3,7,18,0.4568,0.0083
3719,3,7,19,0.4943,0.00848
3720,3,7,20,0.4451,0.00882
3721,3,7,21,0.4328,0.00928
3722,3,7,22,0.441,0.00973
3723,3,7,23,0.4326,0.01015
3724,3,7,24,0.448,0.01052
3725,3,7,25,0.4477,0.01097
3726,3,7,26,0.4516,0.01136
3727,3,7,27,0.4489,0.01181
3728,3,7,28,0.4475,0.01231
3729,3,7,29,0.4497,0.0128
3730,3,7,30,0.4552,0.01323
3731,3,7,31,0.4568,0.01373
3732,3,7,32,0.4526,0.01425
3733,3,7,33,0.4531,0.0147
3734,3,7,34,0.4533,0.01524
3735,3,7,35,0.4565,0.01583
3736,3,7,36,0.4558,0.01635
3737,3,7,37,0.4539,0.0169
3738,3,7,38,0.4786,0.01752
3739,3,7,39,0.4694,0.01818
3805,3,8,5,0.5847,0.01103
3806,3,8,6,0.5971,0.01164
3807,3,8,7,0.6039,0.01208
3808,3,8,8,0.6112,0.01236
3809,3,8,9,0.6115,0.0125
3810,3,8,10,0.6174,0.01247
3811,3,8,11,0.6173,0.01219
3812,3,8,12,0.6656,0.0118
3813,3,8,13,0.6428,0.01136
3814,3,8,14,0.6457,0.01087
3815,3,8,15,0.6317,0.01035
3816,3,8,16,0.6097,0.01019
3817,3,8,17,0.5877,0.00918
3818,3,8,18,0.6063,0.00839
3819,3,8,19,0.5729,0.00884
3820,3,8,20,0.5777,0.00931
3821,3,8,21,0.5511,0.00975
3822,3,8,22,0.5495,0.01018
3823,3,8,23,0.5589,0.01062
3824,3,8,24,0.5528,0.01102
3825,3,8,25,0.5546,0.01146
3826,3,8,26,0.5583,0.01186
3827,3,8,27,0.5624,0.01226
3828,3,8,28,0.5683,0.01267
3829,3,8,29,0.5744,0.01311
3830,3,8,30,0.5743,0.01354
3831,3,8,31,0.5722,0.01398
3832,3,8,32,0.5692,0.01446
3833,3,8,33,0.5673,0.01487
3834,3,8,34,0.5653,0.01534
3835,3,8,35,0.555,0.01583
3836,3,8,36,0.5522,0.01636
3837,3,8,37,0.549,0.01691
3838,3,8,38,0.5452,0.01752
3839,3,8,39,0.554,0.01804
3905,3,9,5,0.8718,0.00405
3906,3,9,6,0.8584,0.01427
3907,3,9,7,0.8681,0.01456
3908,3,9,8,0.858,0.01488
3909,3,9,9,0.8675,0.0153
3910,3,9,10,0.8688,0.01563
3911,3,9,11,0.8858,0.01559
3912,3,9,12,0.8897,0.0146
3913,3,9,13,0.8931,0.01324
3914,3,9,14,0.8834,0.01205
3915,3,9,15,0.9546,0.01031
3916,3,9,16,0.948,0.00921
3917,3,9,17,0.8488,0.00932
3918,3,9,18,0.8369,0.00964
3919,3,9,19,0.838,0.00999
3920,3,9,20,0.8222,0.01031
3921,3,9,21,0.8235,0.01062
3922,3,9,22,0.808,0.01095
3923,3,9,23,0.7822,0.01131
3924,3,9,24,0.7781,0.01161
3925,3,9,25,0.7737,0.01194
3926,3,9,26,0.7675,0.0123
3927,3,9,27,0.7609,0.01261
3928,3,9,28,0.7553,0.01296
3929,3,9,29,0.7487,0.01334
3930,3,9,30,0.7412,0.01374
3931,3,9,31,0.7322,0.01413
3932,3,9,32,0.726,0.01453
3933,3,9,33,0.7174,0.01495
3934,3,9,34,0.7086,0.0154
3935,3,9,35,0.7422,0.01587
3936,3,9,36,0.685,0.01637
3937,3,9,37,0.6892,0.0169
3938,3,9,38,0.7043,0.01747
3939,3,9,39,0.717,0.01807
4005,4,0,5,0.3961,0.00577
4006,4,0,6,0.4241,0.00561
4007,4,0,7,0.455,0.00572
4008,4,0,8,0.4588,0.00592
4009,4,0,9,0.4635,0.00618
4010,4,0,10,0.4712,0.00652
4011,4,0,11,0.4424,0.00685
4012,4,0,12,0.392,0.00707
4013,4,0,13,0.3692,0.00726
4014,4,0,14,0.4036,0.00746
4015,4,0,15,0.3818,0.00771
4016,4,0,16,0.3574,0.00801
4017,4,0,17,0.3833,0.00834
4018,4,0,18,0.3354,0.00867
4019,4,0,19,0.4069,0.009
4020,4,0,20,0.3568,0.00935
4021,4,0,21,0.3428,0.00969
4022,4,0,22,0.3525,0.01005
4023,4,0,23,0.3626,0.01039
4024,4,0,24,0.3543,0.01075
4025,4,0,25,0.3558,0.01111
4026,4,0,26,0.36,0.01144
4027,4,0,27,0.3638,0.01178
4028,4,0,28,0.3658,0.01211
4029,4,0,29,0.3596,0.01246
4030,4,0,30,0.366,0.01291
4031,4,0,31,0.3806,0.01334
4032,4,0,32,0.4123,0.01379
4033,4,0,33,0.3722,0.01429
4034,4,0,34,0.3893,0.01482
4035,4,0,35,0.398,0.01541
4036,4,0,36,0.402,0.016
4037,4,0,37,0.3706,0.01655
4038,4,0,38,0.3852,0.01718
4039,4,0,39,0.4014,0.01784
4105,4,1,5,-1.935,41.30957
4106,4,1,6,-4.0849,0.02971
4107,4,1,7,-1.9733,0.92085
4108,4,1,8,-1.4996,0.03377
4109,4,1,9,-0.8881,0.01182
4110,4,1,10,-0.7938,0.01869
4111,4,1,11,-0.7126,0.05228
4112,4,1,12,-0.3717,0.01827
4113,4,1,13,-0.1717,0.03955
4114,4,1,14,-0.1081,0.90524
4115,4,1,15,0.0573,0.01973
4116,4,1,16,0.3652,0.01483
4117,4,1,17,0.3788,0.01416
4118,4,1,18,0.3762,0.01383
4119,4,1,19,0.3828,0.01369
4120,4,1,20,0.3821,0.01367
4121,4,1,21,0.3918,0.01373
4122,4,1,22,0.4012,0.01381
4123,4,1,23,0.4028,0.01388
4124,4,1,24,0.4045,0.01403
4125,4,1,25,0.4129,0.01421
4126,4,1,26,0.4208,0.01438
4127,4,1,27,0.429,0.0133
4128,4,1,28,0.4494,0.01287
4129,4,1,29,0.4725,0.013
4130,4,1,30,0.488,0.01328
4131,4,1,31,0.3938,0.01369
4132,4,1,32,0.3989,0.01417
4133,4,1,33,0.4028,0.01467
4134,4,1,34,0.4147,0.01515
4135,4,1,35,0.4156,0.01565
4136,4,1,36,0.4202,0.0162
4137,4,1,37,0.4234,0.01679
4138,4,1,38,0.4251,0.01742
4139,4,1,39,0.4056,0.01809
4205,4,2,5,0.3907,0.01006
4206,4,2,6,0.4096,0.0099
4207,4,2,7,0.4089,0.00985
4208,4,2,8,0.4056,0.00981
4209,4,2,9,0.4085,0.01007
4210,4,2,10,0.3924,0.01017
4211,4,2,11,0.3764,0.01034
4212,4,2,12,0.3704,0.01055
4213,4,2,13,0.3631,0.01075
4214,4,2,14,0.3726,0.01092
4215,4,2,15,0.38,0.01115
4216,4,2,16,0.3989,0.01128
4217,4,2,17,0.4002,0.01142
4218,4,2,18,0.3774,0.01074
4219,4,2,19,0.3898,0.01048
4220,4,2,20,0.3915,0.01053
4221,4,2,21,0.391,0.01071
4222,4,2,22,0.4141,0.01094
4223,4,2,23,0.3923,0.01117
4224,4,2,24,0.4014,0.01143
4225,4,2,25,0.4038,0.01172
4226,4,2,26,0.4155,0.01197
4227,4,2,27,0.4006,0.0123
4228,4,2,28,0.436,0.01273
4229,4,2,29,0.4384,0.01315
4230,4,2,30,0.45,0.01357
4231,4,2,31,0.45,0.01405
4232,4,2,32,0.4265,0.01458
4233,4,2,33,0.4237,0.01515
4234,4,2,34,0.4126,0.01567
4235,4,2,35,0.4186,0.01623
4236,4,2,36,0.4242,0.01685
4237,4,2,37,0.4343,0.0175
4238,4,2,38,0.4357,0.01819
4239,4,2,39,0.4421,0.01895
4305,4,3,5,0.4374,0.00713
4306,4,3,6,0.4465,0.00735
4307,4,3,7,0.4368,0.00756
4308,4,3,8,0.4444,0.00773
4309,4,3,9,0.4488,0.00729
4310,4,3,10,0.4456,0.00736
4311,4,3,11,0.4347,0.00751
4312,4,3,12,0.4377,0.00772
4313,4,3,13,0.4248,0.00802
4314,4,3,14,0.4223,0.00829
4315,4,3,15,0.4072,0.00861
4316,4,3,16,0.3983,0.00892
4317,4,3,17,0.4005,0.00924
4318,4,3,18,0.417,0.00958
4319,4,3,19,0.3998,0.00987
4320,4,3,20,0.4054,0.01018
4321,4,3,21,0.4005,0.01049
4322,4,3,22,0.406,0.0108
4323,4,3,23,0.4178,0.01113
4324,4,3,24,0.4211,0.01146
4325,4,3,25,0.4127,0.0118
4326,4,3,26,0.4231,0.01214
4327,4,3,27,0.4212,0.0125
4328,4,3,28,0.4269,0.01292
4329,4,3,29,0.4289,0.01339
4330,4,3,30,0.4308,0.01391
4331,4,3,31,0.4315,0.01441
4332,4,3,32,0.4322,0.01489
4333,4,3,33,0.4275,0.01543
4334,4,3,34,0.4343,0.016
4335,4,3,35,0.4401,0.01661
4336,4,3,36,0.446,0.01726
4337,4,3,37,0.451,0.01792
4338,4,3,38,0.4572,0.01862
4339,4,3,39,0.4341,0.01936
4405,4,4,5,0.4701,0.00504
4406,4,4,6,0.4764,0.00521
4407,4,4,7,0.4799,0.00541
4408,4,4,8,0.4943,0.00562
4409,4,4,9,0.517,0.00586
4410,4,4,10,0.511,0.00611
4411,4,4,11,0.4656,0.00657
4412,4,4,12,0.4731,0.00708
4413,4,4,13,0.4461,0.00755
4414,4,4,14,0.4642,0.00798
4415,4,4,15,0.445,0.00838
4416,4,4,16,0.4478,0.00875
4417,4,4,17,0.4402,0.00913
4418,4,4,18,0.4536,0.00949
4419,4,4,19,0.4518,0.00985
4420,4,4,20,0.4409,0.01021
4421,4,4,21,0.445,0.01057
4422,4,4,22,0.4433,0.01092
4423,4,4,23,0.4519,0.01128
4424,4,4,24,0.4525,0.01162
4425,4,4,25,0.4608,0.01196
4426,4,4,26,0.4577,0.01228
4427,4,4,27,0.4646,0.01263
4428,4,4,28,0.4469,0.01299
4429,4,4,29,0.4618,0.01343
4430,4,4,30,0.4657,0.01393
4431,4,4,31,0.4692,0.01441
4432,4,4,32,0.4727,0.01489
4433,4,4,33,0.4732,0.01542
4434,4,4,34,0.4834,0.01598
4435,4,4,35,0.461,0.01655
4436,4,4,36,0.4657,0.0171
4437,4,4,37,0.4815,0.01769
4438,4,4,38,0.4951,0.01831
4439,4,4,39,0.5055,0.01896
4505,4,5,5,0.5177,0.00536
4506,4,5,6,0.5214,0.00545
4507,4,5,7,0.5252,0.00556
4508,4,5,8,0.5322,0.00568
4509,4,5,9,0.5301,0.00612
4510,4,5,10,0.529,0.00671
4511,4,5,11,0.5471,0.0071
4512,4,5,12,0.5675,0.00743
4513,4,5,13,0.5079,0.00774
4514,4,5,14,0.4972,0.00805
4515,4,5,15,0.4858,0.00834
4516,4,5,16,0.4982,0.00864
4517,4,5,17,0.4999,0.00893
4518,4,5,18,0.5059,0.00925
4519,4,5,19,0.4944,0.00954
4520,4,5,20,0.4859,0.00983
4521,4,5,21,0.486,0.01017
4522,4,5,22,0.4824,0.01048
4523,4,5,23,0.4951,0.01076
4524,4,5,24,0.5051,0.01111
4525,4,5,25,0.4899,0.01145
4526,4,5,26,0.4917,0.01174
4527,4,5,27,0.4872,0.01208
4528,4,5,28,0.4885,0.01242
4529,4,5,29,0.4869,0.01288
4530,4,5,30,0.4899,0.01333
4531,4,5,31,0.4898,0.0138
4532,4,5,32,0.4916,0.01432
4533,4,5,33,0.4963,0.0149
4534,4,5,34,0.4957,0.01539
4535,4,5,35,0.4955,0.01595
4536,4,5,36,0.4953,0.01656
4537,4,5,37,0.5122,0.01719
4538,4,5,38,0.5119,0.01784
4539,4,5,39,0.5211,0.01853
4605,4,6,5,0.5954,0.00676
4606,4,6,6,0.5929,0.00695
4607,4,6,7,0.5964,0.00716
4608,4,6,8,0.6162,0.00733
4609,4,6,9,0.6212,0.00748
4610,4,6,10,0.6343,0.00762
4611,4,6,11,0.5965,0.00771
4612,4,6,12,0.6016,0.00783
4613,4,6,13,0.6096,0.00799
4614,4,6,14,0.6278,0.00813
4615,4,6,15,0.6381,0.00829
4616,4,6,16,0.566,0.00848
4617,4,6,17,0.557,0.00864
4618,4,6,18,0.5218,0.00885
4619,4,6,19,0.5429,0.00909
4620,4,6,20,0.5341,0.00931
4621,4,6,21,0.5425,0.00957
4622,4,6,22,0.5417,0.00987
4623,4,6,23,0.5403,0.0102
4624,4,6,24,0.543,0.0105
4625,4,6,25,0.5455,0.01085
4626,4,6,26,0.5443,0.01133
4627,4,6,27,0.5447,0.01177
4628,4,6,28,0.5522,0.01231
4629,4,6,29,0.555,0.01282
4630,4,6,30,0.5563,0.01334
4631,4,6,31,0.5598,0.01392
4632,4,6,32,0.5601,0.01444
4633,4,6,33,0.563,0.01507
4634,4,6,34,0.5632,0.01562
4635,4,6,35,0.5726,0.01621
4636,4,6,36,0.5636,0.0169
4637,4,6,37,0.5615,0.01751
4638,4,6,38,0.5764,0.01816
4639,4,6,39,0.5732,0.01889
4705,4,7,5,0.6447,0.01151
4706,4,7,6,0.7035,0.01162
4707,4,7,7,0.7019,0.01146
4708,4,7,8,0.6891,0.01154
4709,4,7,9,0.6919,0.01167
4710,4,7,10,0.7391,0.01118
4711,4,7,11,0.7035,0.01127
4712,4,7,12,0.7053,0.01068
4713,4,7,13,0.6998,0.01068
4714,4,7,14,0.6726,0.01013
4715,4,7,15,0.6881,0.00998
4716,4,7,16,0.6794,0.00958
4717,4,7,17,0.6789,0.00949
4718,4,7,18,0.6549,0.00921
4719,4,7,19,0.6496,0.00919
4720,4,7,20,0.6024,0.00934
4721,4,7,21,0.6103,0.00945
4722,4,7,22,0.6121,0.00979
4723,4,7,23,0.6159,0.01034
4724,4,7,24,0.6143,0.01088
4725,4,7,25,0.6208,0.0114
4726,4,7,26,0.6193,0.01195
4727,4,7,27,0.6215,0.01246
4728,4,7,28,0.6282,0.01296
4729,4,7,29,0.6305,0.01349
4730,4,7,30,0.6456,0.01403
4731,4,7,31,0.6425,0.01451
4732,4,7,32,0.645,0.01504
4733,4,7,33,0.6473,0.01562
4734,4,7,34,0.6478,0.01618
4735,4,7,35,0.6495,0.01673
4736,4,7,36,0.6506,0.0173
4737,4,7,37,0.6499,0.01791
4738,4,7,38,0.6482,0.01856
4739,4,7,39,0.6504,0.01915
4805,4,8,5,0.7989,0.0157
4806,4,8,6,0.8085,0.01634
4807,4,8,7,0.8184,0.01702
4808,4,8,8,0.828,0.01729
4809,4,8,9,0.8296,0.01734
4810,4,8,10,0.8355,0.01722
4811,4,8,11,0.8429,0.01698
4812,4,8,12,0.8464,0.01651
4813,4,8,13,0.903,0.01588
4814,4,8,14,0.9097,0.01521
4815,4,8,15,0.9177,0.01451
4816,4,8,16,0.8669,0.0138
4817,4,8,17,0.8396,0.01355
4818,4,8,18,0.8503,0.01264
4819,4,8,19,0.8208,0.01058
4820,4,8,20,0.812,0.01014
4821,4,8,21,0.8131,0.01058
4822,4,8,22,0.7804,0.01107
4823,4,8,23,0.7812,0.01154
4824,4,8,24,0.7721,0.01199
4825,4,8,25,0.7759,0.01244
4826,4,8,26,0.7941,0.01283
4827,4,8,27,0.7939,0.01326
4828,4,8,28,0.7902,0.01371
4829,4,8,29,0.7871,0.01413
4830,4,8,30,0.7842,0.01458
4831,4,8,31,0.7813,0.01499
4832,4,8,32,0.7807,0.01543
4833,4,8,33,0.7781,0.01591
4834,4,8,34,0.7749,0.01641
4835,4,8,35,0.7711,0.01694
4836,4,8,36,0.7667,0.01746
4837,4,8,37,0.7643,0.01793
4838,4,8,38,0.7597,0.01847
4839,4,8,39,0.7545,0.01903
4905,4,9,5,1.1561,0.02075
4906,4,9,6,1.1286,0.00519
4907,4,9,7,1.1823,0.02104
4908,4,9,8,1.1753,0.02127
4909,4,9,9,1.146,0.0216
4910,4,9,10,1.1794,0.02204
4911,4,9,11,1.173,0.02146
4912,4,9,12,1.1963,0.02065
4913,4,9,13,1.1907,0.01897
4914,4,9,14,1.2247,0.01781
4915,4,9,15,1.2104,0.01436
4916,4,9,16,1.1674,0.0136
4917,4,9,17,1.2362,0.0119
4918,4,9,18,1.1715,0.01149
4919,4,9,19,1.0887,0.01162
4920,4,9,20,1.0937,0.01183
4921,4,9,21,1.0784,0.01208
4922,4,9,22,1.0808,0.01234
4923,4,9,23,1.0677,0.01262
4924,4,9,24,1.0536,0.01287
4925,4,9,25,1.0425,0.01317
4926,4,9,26,1.0246,0.01345
4927,4,9,27,1.0117,0.01378
4928,4,9,28,0.9805,0.01412
4929,4,9,29,0.9988,0.01443
4930,4,9,30,0.9894,0.01478
4931,4,9,31,0.9797,0.01517
4932,4,9,32,0.9696,0.01559
4933,4,9,33,0.9588,0.01603
4934,4,9,34,0.946,0.01645
4935,4,9,35,0.9366,0.01691
4936,4,9,36,0.926,0.01742
4937,4,9,37,0.9047,0.01794
4938,4,9,38,0.9331,0.01852
4939,4,9,39,0.9655,0.01914
5005,5,0,5,0.5124,0.00821
5006,5,0,6,0.516,0.00675
5007,5,0,7,0.5372,0.00648
5008,5,0,8,0.5451,0.0065
5009,5,0,9,0.5489,0.00665
5010,5,0,10,0.548,0.00687
5011,5,0,11,0.5597,0.00717
5012,5,0,12,0.547,0.00748
5013,5,0,13,0.5072,0.0077
5014,5,0,14,0.4803,0.00786
5015,5,0,15,0.5029,0.00805
5016,5,0,16,0.4926,0.00826
5017,5,0,17,0.456,0.00853
5018,5,0,18,0.4915,0.00886
5019,5,0,19,0.4383,0.00918
5020,5,0,20,0.4414,0.00952
5021,5,0,21,0.4565,0.00987
5022,5,0,22,0.4462,0.0102
5023,5,0,23,0.4584,0.01056
5024,5,0,24,0.4526,0.01094
5025,5,0,25,0.4711,0.01126
5026,5,0,26,0.465,0.01158
5027,5,0,27,0.4696,0.01193
5028,5,0,28,0.4708,0.0123
5029,5,0,29,0.4702,0.01278
5030,5,0,30,0.4744,0.01316
5031,5,0,31,0.4759,0.01362
5032,5,0,32,0.47,0.01413
5033,5,0,33,0.4991,0.0147
5034,5,0,34,0.4959,0.01526
5035,5,0,35,0.4999,0.01578
5036,5,0,36,0.4946,0.01638
5037,5,0,37,0.4894,0.017
5038,5,0,38,0.5213,0.01767
5039,5,0,39,0.5268,0.01838
5105,5,1,5,-4.086,0.0012
5106,5,1,6,-2.3265,0.28501
5107,5,1,7,-5.0416,0.00847
5108,5,1,8,-3.507,0.02341
5109,5,1,9,-2.4441,0.02264
5110,5,1,10,-1.9301,0.02224
5111,5,1,11,-1.3814,0.02183
5112,5,1,12,-0.9938,0.02151
5113,5,1,13,-0.5456,0.02242
5114,5,1,14,-0.7364,0.02111
5115,5,1,15,-0.4696,0.05283
5116,5,1,16,-0.3169,7.23041
5117,5,1,17,-0.1222,0.01238
5118,5,1,18,-0.0033,0.01941
5119,5,1,19,0.4797,0.01823
5120,5,1,20,0.5116,0.00863
5121,5,1,21,0.5563,0.00601
5122,5,1,22,0.5216,0.01671
5123,5,1,23,0.5087,0.01631
5124,5,1,24,0.5633,0.01624
5125,5,1,25,0.5614,0.01604
5126,5,1,26,0.5521,0.01607
5127,5,1,27,0.5524,0.01631
5128,5,1,28,0.5563,0.0164
5129,5,1,29,0.5663,0.01669
5130,5,1,30,0.5755,0.01712
5131,5,1,31,0.5924,0.01745
5132,5,1,32,0.5574,0.01774
5133,5,1,33,0.5608,0.01816
5134,5,1,34,0.5757,0.01863
5135,5,1,35,0.5863,0.01755
5136,5,1,36,0.6304,0.01738
5137,5,1,37,0.6215,0.01771
5138,5,1,38,0.5486,0.01829
5139,5,1,39,0.5642,0.01891
5205,5,2,5,0.471,0.00634
5206,5,2,6,-0.4029,1.04159
5207,5,2,7,0.5142,0.01443
5208,5,2,8,0.5001,0.01301
5209,5,2,9,0.5003,0.01261
5210,5,2,10,0.4949,0.01228
5211,5,2,11,0.462,0.01232
5212,5,2,12,0.4442,0.01239
5213,5,2,13,0.4539,0.01252
5214,5,2,14,0.4532,0.01264
5215,5,2,15,0.4578,0.01275
5216,5,2,16,0.4662,0.01286
5217,5,2,17,0.4676,0.01299
5218,5,2,18,0.4704,0.01316
5219,5,2,19,0.476,0.01333
5220,5,2,20,0.483,0.0135
5221,5,2,21,0.4868,0.01367
5222,5,2,22,0.4919,0.01386
5223,5,2,23,0.4942,0.01401
5224,5,2,24,0.4966,0.01418
5225,5,2,25,0.5043,0.01433
5226,5,2,26,0.5074,0.01458
5227,5,2,27,0.5099,0.01386
5228,5,2,28,0.5525,0.01398
5229,5,2,29,0.5524,0.01429
5230,5,2,30,0.554,0.01467
5231,5,2,31,0.5566,0.01511
5232,5,2,32,0.5542,0.01568
5233,5,2,33,0.5568,0.0162
5234,5,2,34,0.5549,0.01673
5235,5,2,35,0.5529,0.01735
5236,5,2,36,0.5553,0.01804
5237,5,2,37,0.5489,0.01876
5238,5,2,38,0.5537,0.01945
5239,5,2,39,0.6031,0.02019
5305,5,3,5,0.5341,0.00797
5306,5,3,6,0.542,0.00821
5307,5,3,7,0.545,0.0085
5308,5,3,8,0.5431,0.00881
5309,5,3,9,0.5402,0.0091
5310,5,3,10,0.5373,0.0094
5311,5,3,11,0.5216,0.0097
5312,5,3,12,0.4874,0.00999
5313,5,3,13,0.4858,0.01026
5314,5,3,14,0.4942,0.01054
5315,5,3,15,0.5098,0.01081
5316,5,3,16,0.5196,0.01107
5317,5,3,17,0.4959,0.01131
5318,5,3,18,0.4982,0.01159
5319,5,3,19,0.5094,0.01179
5320,5,3,20,0.5167,0.01204
5321,5,3,21,0.5132,0.01228
5322,5,3,22,0.5272,0.01255
5323,5,3,23,0.531,0.01273
5324,5,3,24,0.535,0.01294
5325,5,3,25,0.5412,0.01318
5326,5,3,26,0.5452,0.01349
5327,5,3,27,0.5511,0.0139
5328,5,3,28,0.5491,0.01424
5329,5,3,29,0.559,0.01463
5330,5,3,30,0.5605,0.01509
5331,5,3,31,0.5634,0.01564
5332,5,3,32,0.566,0.0162
5333,5,3,33,0.5517,0.01681
5334,5,3,34,0.5681,0.01742
5335,5,3,35,0.5717,0.01803
5336,5,3,36,0.5716,0.01866
5337,5,3,37,0.572,0.01934
5338,5,3,38,0.5633,0.0201
5339,5,3,39,0.5589,0.02088
5405,5,4,5,0.5942,0.00592
5406,5,4,6,0.5923,0.00621
5407,5,4,7,0.5918,0.0068
5408,5,4,8,0.5991,0.00721
5409,5,4,9,0.6173,0.00755
5410,5,4,10,0.5929,0.00787
5411,5,4,11,0.5942,0.00819
5412,5,4,12,0.5881,0.00852
5413,5,4,13,0.5586,0.00883
5414,5,4,14,0.5608,0.00916
5415,5,4,15,0.5555,0.00945
5416,5,4,16,0.5375,0.00976
5417,5,4,17,0.5443,0.01008
5418,5,4,18,0.5446,0.01039
5419,5,4,19,0.5623,0.0107
5420,5,4,20,0.5669,0.011
5421,5,4,21,0.566,0.01132
5422,5,4,22,0.5698,0.01165
5423,5,4,23,0.5731,0.01195
5424,5,4,24,0.5815,0.01228
5425,5,4,25,0.5878,0.01258
5426,5,4,26,0.5739,0.01298
5427,5,4,27,0.5886,0.01338
5428,5,4,28,0.5933,0.01387
5429,5,4,29,0.5971,0.01431
5430,5,4,30,0.6042,0.01482
5431,5,4,31,0.6033,0.01531
5432,5,4,32,0.5891,0.01581
5433,5,4,33,0.5995,0.01636
5434,5,4,34,0.6022,0.01695
5435,5,4,35,0.6043,0.01749
5436,5,4,36,0.6157,0.01809
5437,5,4,37,0.6234,0.01874
5438,5,4,38,0.6346,0.01941
5439,5,4,39,0.6454,0.02012
5505,5,5,5,0.6449,0.00566
5506,5,5,6,0.6482,0.00577
5507,5,5,7,0.6531,0.00589
5508,5,5,8,0.6664,0.00674
5509,5,5,9,0.6714,0.00712
5510,5,5,10,0.6603,0.00741
5511,5,5,11,0.6684,0.00769
5512,5,5,12,0.6722,0.00797
5513,5,5,13,0.6457,0.00825
5514,5,5,14,0.6468,0.0085
5515,5,5,15,0.6106,0.0088
5516,5,5,16,0.6298,0.00905
5517,5,5,17,0.6058,0.00935
5518,5,5,18,0.6138,0.00965
5519,5,5,19,0.6098,0.00991
5520,5,5,20,0.6251,0.01022
5521,5,5,21,0.6183,0.01055
5522,5,5,22,0.6187,0.01083
5523,5,5,23,0.6124,0.01112
5524,5,5,24,0.6316,0.01146
5525,5,5,25,0.6283,0.01178
5526,5,5,26,0.6321,0.0121
5527,5,5,27,0.6311,0.01251
5528,5,5,28,0.6315,0.01294
5529,5,5,29,0.633,0.01345
5530,5,5,30,0.6301,0.0139
5531,5,5,31,0.6311,0.01446
5532,5,5,32,0.6304,0.01494
5533,5,5,33,0.6329,0.01549
5534,5,5,34,0.6323,0.01612
5535,5,5,35,0.6357,0.01668
5536,5,5,36,0.6389,0.01733
5537,5,5,37,0.6579,0.01801
5538,5,5,38,0.6584,0.01872
5539,5,5,39,0.6709,0.01949
5605,5,6,5,0.7325,0.00814
5606,5,6,6,0.7253,0.00816
5607,5,6,7,0.7349,0.00808
5608,5,6,8,0.7323,0.00817
5609,5,6,9,0.7414,0.00828
5610,5,6,10,0.8204,0.00828
5611,5,6,11,0.7435,0.00845
5612,5,6,12,0.7518,0.00854
5613,5,6,13,0.7969,0.00866
5614,5,6,14,0.7483,0.00879
5615,5,6,15,0.754,0.00891
5616,5,6,16,0.7416,0.00905
5617,5,6,17,0.7257,0.00921
5618,5,6,18,0.7165,0.00936
5619,5,6,19,0.6963,0.00955
5620,5,6,20,0.7025,0.00973
5621,5,6,21,0.6832,0.00996
5622,5,6,22,0.6852,0.0102
5623,5,6,23,0.6883,0.01044
5624,5,6,24,0.6909,0.01076
5625,5,6,25,0.6964,0.01119
5626,5,6,26,0.6963,0.01167
5627,5,6,27,0.7002,0.01224
5628,5,6,28,0.6988,0.01277
5629,5,6,29,0.7102,0.01338
5630,5,6,30,0.7138,0.01396
5631,5,6,31,0.7175,0.01458
5632,5,6,32,0.7189,0.01522
5633,5,6,33,0.7217,0.01581
5634,5,6,34,0.7226,0.01649
5635,5,6,35,0.7238,0.01716
5636,5,6,36,0.7258,0.01783
5637,5,6,37,0.7164,0.01857
5638,5,6,38,0.7322,0.01933
5639,5,6,39,0.7317,0.01993
5705,5,7,5,0.8226,0.01529
5706,5,7,6,0.833,0.01531
5707,5,7,7,0.8829,0.01509
5708,5,7,8,0.8617,0.01508
5709,5,7,9,0.8701,0.01433
5710,5,7,10,0.8541,0.0149
5711,5,7,11,0.8852,0.01517
5712,5,7,12,0.868,0.01453
5713,5,7,13,0.8822,0.01472
5714,5,7,14,0.8682,0.01249
5715,5,7,15,0.8971,0.013
5716,5,7,16,0.8704,0.01303
5717,5,7,17,0.8498,0.01224
5718,5,7,18,0.819,0.01138
5719,5,7,19,0.8561,0.01023
5720,5,7,20,0.8421,0.01073
5721,5,7,21,0.8359,0.01114
5722,5,7,22,0.7929,0.01127
5723,5,7,23,0.7952,0.01126
5724,5,7,24,0.8018,0.01158
5725,5,7,25,0.7961,0.01215
5726,5,7,26,0.8031,0.01273
5727,5,7,27,0.8038,0.01333
5728,5,7,28,0.7985,0.01394
5729,5,7,29,0.8075,0.01448
5730,5,7,30,0.8193,0.01506
5731,5,7,31,0.8215,0.01566
5732,5,7,32,0.8238,0.01623
5733,5,7,33,0.8296,0.01679
5734,5,7,34,0.8318,0.01739
5735,5,7,35,0.8334,0.01803
5736,5,7,36,0.8346,0.01861
5737,5,7,37,0.8344,0.0192
5738,5,7,38,0.834,0.01986
5739,5,7,39,0.8314,0.02054
5805,5,8,5,1.027,0.02174
5806,5,8,6,1.0272,0.02237
5807,5,8,7,1.0355,0.02318
5808,5,8,8,1.0448,0.02391
5809,5,8,9,1.0519,0.02464
5810,5,8,10,1.0608,0.02358
5811,5,8,11,1.075,0.02297
5812,5,8,12,1.0743,0.02225
5813,5,8,13,1.1488,0.02149
5814,5,8,14,1.1458,0.02066
5815,5,8,15,1.1201,0.01957
5816,5,8,16,1.0949,0.01857
5817,5,8,17,1.0887,0.01762
5818,5,8,18,1.0796,0.01765
5819,5,8,19,1.0687,0.0162
5820,5,8,20,1.0654,0.0139
5821,5,8,21,1.0336,0.01249
5822,5,8,22,1.0297,0.01252
5823,5,8,23,1.0261,0.01296
5824,5,8,24,1.0144,0.01341
5825,5,8,25,1.0124,0.01387
5826,5,8,26,1.0078,0.01432
5827,5,8,27,1.0039,0.01477
5828,5,8,28,1.0057,0.01521
5829,5,8,29,1.0067,0.01559
5830,5,8,30,1.0031,0.01601
5831,5,8,31,1.0033,0.01646
5832,5,8,32,0.9997,0.01692
5833,5,8,33,0.997,0.0174
5834,5,8,34,0.9946,0.01785
5835,5,8,35,0.9902,0.0183
5836,5,8,36,0.9864,0.01878
5837,5,8,37,0.9825,0.01932
5838,5,8,38,0.9784,0.01988
5839,5,8,39,0.9695,0.02047
5905,5,9,5,1.386,0.00501
5906,5,9,6,1.3719,0.02838
5907,5,9,7,1.3843,0.00461
5908,5,9,8,1.493,0.02858
5909,5,9,9,1.4238,0.02888
5910,5,9,10,1.3896,0.02918
5911,5,9,11,1.441,0.02793
5912,5,9,12,1.4728,0.0262
5913,5,9,13,1.4733,0.02455
5914,5,9,14,1.4771,0.02327
5915,5,9,15,1.4811,0.02078
5916,5,9,16,1.378,0.01855
5917,5,9,17,1.3729,0.01682
5918,5,9,18,1.3521,0.01495
5919,5,9,19,1.297,0.01423
5920,5,9,20,1.2987,0.01401
5921,5,9,21,1.2871,0.01408
5922,5,9,22,1.296,0.0142
5923,5,9,23,1.2704,0.01435
5924,5,9,24,1.2896,0.01453
5925,5,9,25,1.2773,0.01473
5926,5,9,26,1.2713,0.01496
5927,5,9,27,1.2615,0.01521
5928,5,9,28,1.2529,0.01548
5929,5,9,29,1.2393,0.01581
5930,5,9,30,1.2214,0.01616
5931,5,9,31,1.2022,0.0165
5932,5,9,32,1.1865,0.01686
5933,5,9,33,1.1739,0.01727
5934,5,9,34,1.159,0.01773
5935,5,9,35,1.1436,0.01821
5936,5,9,36,1.1381,0.01871
5937,5,9,37,1.1141,0.01929
5938,5,9,38,1.0908,0.01988
5939,5,9,39,1.0805,0.0205
6005,6,0,5,0.6037,0.01031
6006,6,0,6,0.6024,0.00888
6007,6,0,7,0.6102,0.00764
6008,6,0,8,0.6215,0.0073
6009,6,0,9,0.6208,0.00727
6010,6,0,10,0.6341,0.00737
6011,6,0,11,0.6407,0.00755
6012,6,0,12,0.6338,0.00781
6013,6,0,13,0.6539,0.00816
6014,6,0,14,0.5804,0.00836
6015,6,0,15,0.5777,0.00852
6016,6,0,16,0.568,0.00866
6017,6,0,17,0.6025,0.00887
6018,6,0,18,0.5666,0.00911
6019,6,0,19,0.5346,0.00943
6020,6,0,20,0.5422,0.00974
6021,6,0,21,0.5588,0.01008
6022,6,0,22,0.5974,0.01043
6023,6,0,23,0.5558,0.01079
6024,6,0,24,0.5668,0.01114
6025,6,0,25,0.5566,0.01145
6026,6,0,26,0.5681,0.01177
6027,6,0,27,0.5764,0.01222
6028,6,0,28,0.575,0.01267
6029,6,0,29,0.5804,0.01307
6030,6,0,30,0.584,0.01354
6031,6,0,31,0.5847,0.01408
6032,6,0,32,0.5865,0.01467
6033,6,0,33,0.5902,0.01519
6034,6,0,34,0.5914,0.01575
6035,6,0,35,0.5772,0.01635
6036,6,0,36,0.5998,0.017
6037,6,0,37,0.6317,0.01769
6038,6,0,38,0.631,0.01837
6039,6,0,39,0.6041,0.01906
6106,6,1,6,-1.9966,0.41376
6108,6,1,8,-6.5749,0.05554
6109,6,1,9,-4.9064,0.0495
6110,6,1,10,-4.1204,0.01062
6111,6,1,11,-3.2278,0.02544
6112,6,1,12,-1.9859,0.02504
6113,6,1,13,-1.6346,0.04723
6114,6,1,14,-1.4185,0.02534
6115,6,1,15,-1.5537,0.0242
6116,6,1,16,-1.203,0.21076
6117,6,1,17,-0.7078,0.0237
6118,6,1,18,-0.4546,0.02326
6119,6,1,19,-0.3526,0.0231
6120,6,1,20,-0.2559,0.02296
6121,6,1,21,-0.3558,0.02215
6122,6,1,22,-0.0213,0.0208
6123,6,1,23,0.1478,0.02016
6124,6,1,24,0.1872,0.01982
6125,6,1,25,0.2587,0.02077
6126,6,1,26,0.6601,0.02005
6127,6,1,27,0.6482,0.01958
6128,6,1,28,0.6591,0.01964
6129,6,1,29,0.6897,0.01972
6130,6,1,30,0.6907,0.01963
6131,6,1,31,0.6893,0.01993
6132,6,1,32,0.693,0.02017
6133,6,1,33,0.6987,0.02049
6134,6,1,34,0.7149,0.02075
6135,6,1,35,0.7382,0.02131
6136,6,1,36,0.6902,0.0218
6137,6,1,37,0.6898,0.02244
6138,6,1,38,0.6912,0.02296
6139,6,1,39,0.71,0.02362
6205,6,2,5,-2.2947,0.01997
6206,6,2,6,-0.788,0.00357
6207,6,2,7,-0.0209,0.07821
6208,6,2,8,0.5883,0.01958
6209,6,2,9,0.6139,0.03949
6210,6,2,10,0.6242,0.01627
6211,6,2,11,0.6451,0.01506
6212,6,2,12,0.6214,0.01465
6213,6,2,13,0.6263,0.01442
6214,6,2,14,0.6191,0.01439
6215,6,2,15,0.55,0.01435
6216,6,2,16,0.5895,0.01451
6217,6,2,17,0.5951,0.01457
6218,6,2,18,0.5966,0.01475
6219,6,2,19,0.5802,0.01486
6220,6,2,20,0.5864,0.01503
6221,6,2,21,0.5962,0.01523
6222,6,2,22,0.5985,0.01542
6223,6,2,23,0.6052,0.01566
6224,6,2,24,0.6095,0.01599
6225,6,2,25,0.6141,0.01626
6226,6,2,26,0.6223,0.01668
6227,6,2,27,0.6254,0.01699
6228,6,2,28,0.6625,0.01739
6229,6,2,29,0.6611,0.01776
6230,6,2,30,0.6606,0.01831
6231,6,2,31,0.6591,0.01874
6232,6,2,32,0.663,0.01925
6233,6,2,33,0.6607,0.01975
6234,6,2,34,0.6645,0.02021
6235,6,2,35,0.6681,0.02046
6236,6,2,36,0.6676,0.02007
6237,6,2,37,0.6695,0.02058
6238,6,2,38,0.6754,0.02127
6239,6,2,39,0.6824,0.02201
6305,6,3,5,0.6353,0.00986
6306,6,3,6,0.6426,0.00928
6307,6,3,7,0.6455,0.00961
6308,6,3,8,0.6465,0.00982
6309,6,3,9,0.6476,0.01007
6310,6,3,10,0.6636,0.01041
6311,6,3,11,0.6423,0.01064
6312,6,3,12,0.6231,0.01091
6313,6,3,13,0.6012,0.01122
6314,6,3,14,0.5935,0.01148
6315,6,3,15,0.5944,0.01174
6316,6,3,16,0.6056,0.012
6317,6,3,17,0.6103,0.0123
6318,6,3,18,0.6085,0.01255
6319,6,3,19,0.6231,0.01288
6320,6,3,20,0.6289,0.01311
6321,6,3,21,0.6372,0.01337
6322,6,3,22,0.6413,0.01369
6323,6,3,23,0.6479,0.01411
6324,6,3,24,0.6546,0.0145
6325,6,3,25,0.6597,0.01489
6326,6,3,26,0.6643,0.01535
6327,6,3,27,0.6685,0.01586
6328,6,3,28,0.6753,0.01646
6329,6,3,29,0.6795,0.01698
6330,6,3,30,0.6844,0.01749
6331,6,3,31,0.6862,0.01808
6332,6,3,32,0.6694,0.01868
6333,6,3,33,0.6796,0.01936
6334,6,3,34,0.6901,0.02002
6335,6,3,35,0.7017,0.02076
6336,6,3,36,0.7079,0.02151
6337,6,3,37,0.7045,0.02221
6338,6,3,38,0.6999,0.02306
6339,6,3,39,0.6985,0.02385
6405,6,4,5,0.704,0.00733
6406,6,4,6,0.7037,0.00757
6407,6,4,7,0.7239,0.00783
6408,6,4,8,0.7337,0.0081
6409,6,4,9,0.7085,0.00837
6410,6,4,10,0.7213,0.00867
6411,6,4,11,0.7313,0.00898
6412,6,4,12,0.7002,0.00926
6413,6,4,13,0.7022,0.00959
6414,6,4,14,0.6767,0.00987
6415,6,4,15,0.6557,0.01017
6416,6,4,16,0.6565,0.01047
6417,6,4,17,0.6619,0.01077
6418,6,4,18,0.6756,0.01109
6419,6,4,19,0.6683,0.0114
6420,6,4,20,0.6789,0.01171
6421,6,4,21,0.6841,0.01202
6422,6,4,22,0.6884,0.01233
6423,6,4,23,0.6932,0.01266
6424,6,4,24,0.7026,0.01301
6425,6,4,25,0.7102,0.01342
6426,6,4,26,0.7143,0.01386
6427,6,4,27,0.7183,0.01434
6428,6,4,28,0.7227,0.01482
6429,6,4,29,0.729,0.01529
6430,6,4,30,0.721,0.01583
6431,6,4,31,0.7345,0.01632
6432,6,4,32,0.7388,0.01687
6433,6,4,33,0.7411,0.01749
6434,6,4,34,0.7473,0.01805
6435,6,4,35,0.7478,0.01866
6436,6,4,36,0.7482,0.01933
6437,6,4,37,0.7487,0.02006
6438,6,4,38,0.7561,0.02073
6439,6,4,39,0.7669,0.02142
6505,6,5,5,0.7728,0.00646
6506,6,5,6,0.775,0.00699
6507,6,5,7,0.7762,0.00727
6508,6,5,8,0.7807,0.00752
6509,6,5,9,0.7853,0.00776
6510,6,5,10,0.8062,0.008
6511,6,5,11,0.8305,0.00824
6512,6,5,12,0.7996,0.0085
6513,6,5,13,0.8244,0.00873
6514,6,5,14,0.7768,0.00901
6515,6,5,15,0.7865,0.00925
6516,6,5,16,0.7615,0.00952
6517,6,5,17,0.7397,0.00982
6518,6,5,18,0.7317,0.01008
6519,6,5,19,0.7576,0.01036
6520,6,5,20,0.7504,0.01067
6521,6,5,21,0.7562,0.01097
6522,6,5,22,0.7596,0.01126
6523,6,5,23,0.7502,0.01156
6524,6,5,24,0.7617,0.0119
6525,6,5,25,0.7657,0.01229
6526,6,5,26,0.7714,0.01268
6527,6,5,27,0.7699,0.01314
6528,6,5,28,0.7743,0.01364
6529,6,5,29,0.7767,0.01411
6530,6,5,30,0.7743,0.01463
6531,6,5,31,0.7732,0.01516
6532,6,5,32,0.7699,0.01577
6533,6,5,33,0.7966,0.01635
6534,6,5,34,0.7995,0.01706
6535,6,5,35,0.8021,0.01765
6536,6,5,36,0.8047,0.01833
6537,6,5,37,0.8085,0.01908
6538,6,5,38,0.8077,0.01969
6539,6,5,39,0.8075,0.0203
6605,6,6,5,0.8502,0.00899
6606,6,6,6,0.8458,0.00924
6607,6,6,7,0.8834,0.00909
6608,6,6,8,0.8959,0.00914
6609,6,6,9,0.8791,0.00904
6610,6,6,10,0.8909,0.00921
6611,6,6,11,0.9092,0.00923
6612,6,6,12,0.8809,0.00942
6613,6,6,13,0.9321,0.00941
6614,6,6,14,0.8966,0.00963
6615,6,6,15,0.9255,0.00967
6616,6,6,16,0.8888,0.00982
6617,6,6,17,0.8826,0.00995
6618,6,6,18,0.8856,0.01003
6619,6,6,19,0.872,0.01023
6620,6,6,20,0.855,0.01036
6621,6,6,21,0.8451,0.01055
6622,6,6,22,0.8491,0.01071
6623,6,6,23,0.8547,0.01102
6624,6,6,24,0.8466,0.01131
6625,6,6,25,0.8516,0.01175
6626,6,6,26,0.8493,0.0123
6627,6,6,27,0.8552,0.01283
6628,6,6,28,0.8572,0.01347
6629,6,6,29,0.8584,0.01412
6630,6,6,30,0.8668,0.01479
6631,6,6,31,0.8746,0.0155
6632,6,6,32,0.8784,0.0162
6633,6,6,33,0.8823,0.01685
6634,6,6,34,0.8825,0.01761
6635,6,6,35,0.8831,0.01838
6636,6,6,36,0.8905,0.01916
6637,6,6,37,0.8948,0.01983
6638,6,6,38,0.896,0.02048
6639,6,6,39,0.9017,0.02139
6705,6,7,5,1.046,0.01964
6706,6,7,6,1.0806,0.02117
6707,6,7,7,1.0378,0.01989
6708,6,7,8,1.0984,0.01998
6709,6,7,9,1.0528,0.02033
6710,6,7,10,1.0518,0.01992
6711,6,7,11,1.0466,0.0202
6712,6,7,12,1.073,0.01952
6713,6,7,13,1.0454,0.01896
6714,6,7,14,1.1069,0.01871
6715,6,7,15,1.0504,0.01811
6716,6,7,16,1.0703,0.01823
6717,6,7,17,1.0553,0.0173
6718,6,7,18,1.2213,0.01616
6719,6,7,19,1.0531,0.01499
6720,6,7,20,1.0424,0.01376
6721,6,7,21,1.0331,0.01394
6722,6,7,22,1.0268,0.01406
6723,6,7,23,1.0062,0.01388
6724,6,7,24,0.988,0.01355
6725,6,7,25,0.9912,0.01368
6726,6,7,26,0.9923,0.01401
6727,6,7,27,0.9969,0.0146
6728,6,7,28,0.9873,0.01524
6729,6,7,29,0.9943,0.01587
6730,6,7,30,1.001,0.01654
6731,6,7,31,1.0022,0.01715
6732,6,7,32,1.0032,0.01776
6733,6,7,33,1.0081,0.01839
6734,6,7,34,1.0148,0.01903
6735,6,7,35,1.0297,0.01966
6736,6,7,36,1.0335,0.0203
6737,6,7,37,1.0372,0.02094
6738,6,7,38,1.0342,0.02149
6739,6,7,39,1.0325,0.02217
6805,6,8,5,1.2193,0.0045
6806,6,8,6,1.3372,0.00593
6807,6,8,7,1.3414,0.0301
6808,6,8,8,1.2598,0.0311
6809,6,8,9,1.269,0.03138
6810,6,8,10,1.2774,0.03073
6811,6,8,11,1.2863,0.02962
6812,6,8,12,1.3019,0.02863
6813,6,8,13,1.3103,0.02764
6814,6,8,14,1.3174,0.02668
6815,6,8,15,1.3639,0.02544
6816,6,8,16,1.4123,0.0242
6817,6,8,17,1.3824,0.023
6818,6,8,18,1.341,0.02158
6819,6,8,19,1.311,0.01709
6820,6,8,20,1.2872,0.01981
6821,6,8,21,1.2875,0.01744
6822,6,8,22,1.3453,0.01564
6823,6,8,23,1.2627,0.01533
6824,6,8,24,1.2499,0.01557
6825,6,8,25,1.2466,0.01597
6826,6,8,26,1.2332,0.01636
6827,6,8,27,1.2181,0.01675
6828,6,8,28,1.212,0.01715
6829,6,8,29,1.2121,0.01756
6830,6,8,30,1.2085,0.01796
6831,6,8,31,1.2057,0.01843
6832,6,8,32,1.204,0.01883
6833,6,8,33,1.1976,0.01925
6834,6,8,34,1.1996,0.01971
6835,6,8,35,1.1959,0.02015
6836,6,8,36,1.1917,0.02061
6837,6,8,37,1.1886,0.02115
6838,6,8,38,1.1837,0.02172
6839,6,8,39,1.178,0.0223
6905,6,9,5,1.6356,0.00485
6906,6,9,6,1.6795,0.00508
6907,6,9,7,1.6572,0.00362
6908,6,9,8,1.6183,0.00429
6909,6,9,9,1.7031,0.03632
6910,6,9,10,1.6417,0.03733
6911,6,9,11,1.6252,0.03364
6912,6,9,12,1.6716,0.03193
6913,6,9,13,1.7076,0.02892
6914,6,9,14,1.7105,0.0272
6915,6,9,15,1.7117,0.02549
6916,6,9,16,1.7661,0.02375
6917,6,9,17,1.6452,0.02176
6918,6,9,18,1.664,0.01963
6919,6,9,19,1.624,0.01786
6920,6,9,20,1.7686,0.01699
6921,6,9,21,1.7607,0.01657
6922,6,9,22,1.4329,0.01642
6923,6,9,23,1.404,0.01641
6924,6,9,24,1.4252,0.01648
6925,6,9,25,1.4474,0.01658
6926,6,9,26,1.4346,0.01671
6927,6,9,27,1.4427,0.01692
6928,6,9,28,1.4292,0.01714
6929,6,9,29,1.4283,0.01738
6930,6,9,30,1.4221,0.01765
6931,6,9,31,1.4092,0.01797
6932,6,9,32,1.393,0.01835
6933,6,9,33,1.3748,0.01877
6934,6,9,34,1.3527,0.01917
6935,6,9,35,1.329,0.01963
6936,6,9,36,1.3322,0.02016
6937,6,9,37,1.3345,0.02072
6938,6,9,38,1.3368,0.02132
6939,6,9,39,1.3387,0.02199
7005,7,0,5,0.6709,0.01241
7006,7,0,6,0.683,0.01074
7007,7,0,7,0.688,0.0095
7008,7,0,8,0.7024,0.00845
7009,7,0,9,0.7045,0.00809
7010,7,0,10,0.7129,0.00803
7011,7,0,11,0.7142,0.00809
7012,7,0,12,0.7054,0.00825
7013,7,0,13,0.7244,0.00848
7014,7,0,14,0.7246,0.0088
7015,7,0,15,0.7024,0.00904
7016,7,0,16,0.7146,0.0092
7017,7,0,17,0.6535,0.00933
7018,7,0,18,0.6678,0.00949
7019,7,0,19,0.6839,0.00975
7020,7,0,20,0.644,0.01002
7021,7,0,21,0.6501,0.01033
7022,7,0,22,0.6511,0.01068
7023,7,0,23,0.6535,0.01107
7024,7,0,24,0.6771,0.01137
7025,7,0,25,0.6734,0.01171
7026,7,0,26,0.6998,0.01214
7027,7,0,27,0.6929,0.01265
7028,7,0,28,0.6864,0.01305
7029,7,0,29,0.6923,0.01352
7030,7,0,30,0.694,0.01407
7031,7,0,31,0.6953,0.01467
7032,7,0,32,0.7002,0.01516
7033,7,0,33,0.7009,0.01572
7034,7,0,34,0.6877,0.01635
7035,7,0,35,0.7067,0.01703
7036,7,0,36,0.7089,0.01767
7037,7,0,37,0.7031,0.01833
7038,7,0,38,0.7009,0.01908
7039,7,0,39,0.7211,0.01985
7105,7,1,5,-16.5967,0.06167
7106,7,1,6,-5.0944,72.80157
7107,7,1,7,-15.2928,22.62365
7108,7,1,8,-6.6493,0.04643
7109,7,1,9,-9.21,0.02855
7110,7,1,10,-5.478,0.02791
7111,7,1,11,-4.5231,0.02988
7112,7,1,12,-3.0359,0.0405
7113,7,1,13,-3.5304,0.02882
7114,7,1,14,-2.8533,0.02758
7115,7,1,15,-2.0728,0.02888
7116,7,1,16,-1.7118,0.02129
7117,7,1,17,-1.3767,0.02714
7118,7,1,18,-1.8028,0.02679
7119,7,1,19,-0.8986,0.0285
7120,7,1,20,-0.8818,0.02828
7121,7,1,21,-0.5634,0.02645
7122,7,1,22,-0.4552,0.02629
7123,7,1,23,-0.2794,0.02682
7124,7,1,24,-0.1556,0.02575
7125,7,1,25,-0.2628,0.02497
7126,7,1,26,0.0348,0.02337
7127,7,1,27,0.142,0.02296
7128,7,1,28,0.2634,0.02301
7129,7,1,29,0.3109,0.02326
7130,7,1,30,0.7709,0.0236
7131,7,1,31,0.4269,0.02396
7132,7,1,32,0.8002,0.03479
7133,7,1,33,0.7744,0.02458
7134,7,1,34,0.8028,0.02456
7135,7,1,35,0.7845,0.02526
7136,7,1,36,0.8546,0.02515
7137,7,1,37,0.8579,0.02556
7138,7,1,38,0.8612,0.02614
7139,7,1,39,0.7926,0.02649
7205,7,2,5,-1.6757,0.02086
7206,7,2,6,-0.0914,0.06704
7207,7,2,7,-0.9875,225.8226
7208,7,2,8,0.445,0.02321
7209,7,2,9,-0.457,3.41356
7210,7,2,10,0.718,0.02282
7211,7,2,11,0.7367,0.02156
7212,7,2,12,0.7392,0.02123
7213,7,2,13,0.6701,0.01086
7214,7,2,14,0.7136,0.06094
7215,7,2,15,0.8031,0.01964
7216,7,2,16,0.7148,0.01673
7217,7,2,17,0.7468,0.01657
7218,7,2,18,0.6786,0.01653
7219,7,2,19,0.6788,0.01669
7220,7,2,20,0.6904,0.0168
7221,7,2,21,0.7619,0.01693
7222,7,2,22,0.7367,0.01735
7223,7,2,23,0.7266,0.01764
7224,7,2,24,0.7273,0.01805
7225,7,2,25,0.7829,0.0185
7226,7,2,26,0.7341,0.01887
7227,7,2,27,0.7419,0.01937
7228,7,2,28,0.7477,0.01976
7229,7,2,29,0.7487,0.02029
7230,7,2,30,0.7572,0.02084
7231,7,2,31,0.7611,0.02136
7232,7,2,32,0.7681,0.02187
7233,7,2,33,0.7714,0.02258
7234,7,2,34,0.776,0.02314
7235,7,2,35,0.7796,0.02391
7236,7,2,36,0.7906,0.02472
7237,7,2,37,0.7988,0.02533
7238,7,2,38,0.804,0.02608
7239,7,2,39,0.8215,0.02704
7305,7,3,5,0.7341,0.01183
7306,7,3,6,0.7416,0.01111
7307,7,3,7,0.759,0.01118
7308,7,3,8,0.7549,0.01128
7309,7,3,9,0.7522,0.01129
7310,7,3,10,0.7401,0.01159
7311,7,3,11,0.7303,0.01169
7312,7,3,12,0.7257,0.01195
7313,7,3,13,0.7212,0.01218
7314,7,3,14,0.7108,0.0124
7315,7,3,15,0.7263,0.01267
7316,7,3,16,0.7244,0.013
7317,7,3,17,0.719,0.0132
7318,7,3,18,0.7297,0.01351
7319,7,3,19,0.7347,0.01379
7320,7,3,20,0.7455,0.01407
7321,7,3,21,0.7396,0.0144
7322,7,3,22,0.7574,0.01487
7323,7,3,23,0.7644,0.0154
7324,7,3,24,0.7722,0.01584
7325,7,3,25,0.7772,0.01627
7326,7,3,26,0.7764,0.01679
7327,7,3,27,0.7921,0.01741
7328,7,3,28,0.7969,0.018
7329,7,3,29,0.8035,0.01865
7330,7,3,30,0.8073,0.0194
7331,7,3,31,0.8121,0.01999
7332,7,3,32,0.8054,0.02067
7333,7,3,33,0.8122,0.02138
7334,7,3,34,0.8189,0.02218
7335,7,3,35,0.8323,0.02296
7336,7,3,36,0.8337,0.02385
7337,7,3,37,0.8404,0.02466
7338,7,3,38,0.8307,0.02555
7339,7,3,39,0.8294,0.02649
7405,7,4,5,0.8104,0.00784
7406,7,4,6,0.8328,0.00809
7407,7,4,7,0.8354,0.00837
7408,7,4,8,0.8278,0.00865
7409,7,4,9,0.8233,0.00895
7410,7,4,10,0.8358,0.00927
7411,7,4,11,0.8222,0.00956
7412,7,4,12,0.8279,0.00989
7413,7,4,13,0.8147,0.01019
7414,7,4,14,0.8389,0.01049
7415,7,4,15,0.7932,0.0108
7416,7,4,16,0.7776,0.01112
7417,7,4,17,0.7855,0.01145
7418,7,4,18,0.7745,0.01178
7419,7,4,19,0.7937,0.0121
7420,7,4,20,0.7958,0.01238
7421,7,4,21,0.8123,0.01271
7422,7,4,22,0.8154,0.01308
7423,7,4,23,0.8208,0.01351
7424,7,4,24,0.8264,0.01395
7425,7,4,25,0.8326,0.01439
7426,7,4,26,0.8321,0.01486
7427,7,4,27,0.8441,0.01534
7428,7,4,28,0.8552,0.01587
7429,7,4,29,0.8593,0.01642
7430,7,4,30,0.8637,0.01694
7431,7,4,31,0.8692,0.01755
7432,7,4,32,0.8727,0.01812
7433,7,4,33,0.8782,0.01877
7434,7,4,34,0.8818,0.01939
7435,7,4,35,0.8884,0.02008
7436,7,4,36,0.8875,0.02076
7437,7,4,37,0.8887,0.02145
7438,7,4,38,0.8928,0.0222
7439,7,4,39,0.8958,0.02298
7505,7,5,5,0.9111,0.00745
7506,7,5,6,0.9049,0.00766
7507,7,5,7,0.896,0.00788
7508,7,5,8,0.9029,0.00809
7509,7,5,9,0.9398,0.00831
7510,7,5,10,0.9193,0.00853
7511,7,5,11,0.926,0.00877
7512,7,5,12,0.9397,0.009
7513,7,5,13,0.9095,0.00927
7514,7,5,14,0.9057,0.0095
7515,7,5,15,0.9165,0.00976
7516,7,5,16,0.9068,0.01004
7517,7,5,17,0.9,0.0103
7518,7,5,18,0.8801,0.01058
7519,7,5,19,0.8857,0.01088
7520,7,5,20,0.8815,0.0112
7521,7,5,21,0.8875,0.01147
7522,7,5,22,0.8915,0.01176
7523,7,5,23,0.8939,0.01211
7524,7,5,24,0.9018,0.01251
7525,7,5,25,0.9072,0.01296
7526,7,5,26,0.9053,0.01347
7527,7,5,27,0.908,0.01392
7528,7,5,28,0.9113,0.01441
7529,7,5,29,0.9133,0.01495
7530,7,5,30,0.9155,0.01553
7531,7,5,31,0.9102,0.01615
7532,7,5,32,0.9376,0.0168
7533,7,5,33,0.9409,0.01745
7534,7,5,34,0.9441,0.01808
7535,7,5,35,0.9476,0.01876
7536,7,5,36,0.9501,0.01934
7537,7,5,37,0.9529,0.02022
7538,7,5,38,0.9562,0.02112
7539,7,5,39,0.9547,0.02197
7605,7,6,5,0.9957,0.00971
7606,7,6,6,1.0186,0.01014
7607,7,6,7,1.0094,0.01019
7608,7,6,8,1.0493,0.01033
7609,7,6,9,1.0507,0.01014
7610,7,6,10,1.0162,0.01026
7611,7,6,11,1.1337,0.01027
7612,7,6,12,1.0233,0.01022
7613,7,6,13,1.0319,0.01053
7614,7,6,14,1.0356,0.01053
7615,7,6,15,1.0459,0.01057
7616,7,6,16,1.0391,0.01082
7617,7,6,17,1.0408,0.01085
7618,7,6,18,1.0405,0.01088
7619,7,6,19,1.0406,0.01114
7620,7,6,20,1.0395,0.01121
7621,7,6,21,1.0287,0.01133
7622,7,6,22,1.0157,0.01158
7623,7,6,23,1.0604,0.01178
7624,7,6,24,1.0141,0.01221
7625,7,6,25,1.0098,0.01268
7626,7,6,26,1.0096,0.01301
7627,7,6,27,1.0142,0.01377
7628,7,6,28,1.0144,0.01443
7629,7,6,29,1.021,0.01505
7630,7,6,30,1.018,0.01591
7631,7,6,31,1.024,0.01669
7632,7,6,32,1.0318,0.01751
7633,7,6,33,1.0394,0.01816
7634,7,6,34,1.0433,0.01915
7635,7,6,35,1.0422,0.01993
7636,7,6,36,1.0497,0.02064
7637,7,6,37,1.0559,0.02136
7638,7,6,38,1.064,0.02239
7639,7,6,39,1.0671,0.02327
7705,7,7,5,1.1987,0.02835
7706,7,7,6,1.2305,0.02762
7707,7,7,7,1.2637,0.0266
7708,7,7,8,1.2277,0.02632
7709,7,7,9,1.2292,0.02659
7710,7,7,10,1.2231,0.0259
7711,7,7,11,1.2074,0.02634
7712,7,7,12,1.2161,0.02551
7713,7,7,13,1.2348,0.02576
7714,7,7,14,1.2255,0.02492
7715,7,7,15,1.2298,0.02386
7716,7,7,16,1.2281,0.0231
7717,7,7,17,1.2343,0.02292
7718,7,7,18,1.406,0.02039
7719,7,7,19,1.2353,0.01907
7720,7,7,20,1.2345,0.0205
7721,7,7,21,1.2362,0.01918
7722,7,7,22,1.2277,0.01838
7723,7,7,23,1.2183,0.00907
7724,7,7,24,1.2144,0.00942
7725,7,7,25,1.1871,0.01769
7726,7,7,26,1.1804,0.01675
7727,7,7,27,1.1778,0.01667
7728,7,7,28,1.1821,0.01708
7729,7,7,29,1.1728,0.01775
7730,7,7,30,1.1847,0.01845
7731,7,7,31,1.1861,0.01915
7732,7,7,32,1.1777,0.01964
7733,7,7,33,1.1893,0.02039
7734,7,7,34,1.2125,0.02113
7735,7,7,35,1.2224,0.0218
7736,7,7,36,1.2259,0.02223
7737,7,7,37,1.2189,0.02296
7738,7,7,38,1.2172,0.02368
7739,7,7,39,1.2147,0.02444
7805,7,8,5,1.4311,0.00417
7806,7,8,6,1.4369,0.00753
7807,7,8,7,1.5194,0.00505
7808,7,8,8,1.4773,0.03792
7809,7,8,9,1.4879,0.03838
7810,7,8,10,1.4946,0.04477
7811,7,8,11,1.5101,0.03676
7812,7,8,12,1.6075,0.03539
7813,7,8,13,1.6246,0.03478
7814,7,8,14,1.6068,0.03286
7815,7,8,15,1.6298,0.03143
7816,7,8,16,1.59,0.03009
7817,7,8,17,1.6147,0.02866
7818,7,8,18,1.5639,0.02722
7819,7,8,19,1.5208,0.02705
7820,7,8,20,1.5212,0.02093
7821,7,8,21,1.5244,0.02499
7822,7,8,22,1.5274,0.02106
7823,7,8,23,1.495,0.01922
7824,7,8,24,1.4667,0.0187
7825,7,8,25,1.4713,0.01877
7826,7,8,26,1.4603,0.01902
7827,7,8,27,1.4589,0.01933
7828,7,8,28,1.4466,0.01973
7829,7,8,29,1.4268,0.02006
7830,7,8,30,1.4084,0.02043
7831,7,8,31,1.4047,0.02083
7832,7,8,32,1.3995,0.02121
7833,7,8,33,1.4058,0.02155
7834,7,8,34,1.3991,0.022
7835,7,8,35,1.3976,0.02246
7836,7,8,36,1.3933,0.02289
7837,7,8,37,1.3883,0.02337
7838,7,8,38,1.3817,0.02389
7839,7,8,39,1.3724,0.0244
7905,7,9,5,5.0509,0.04542
7906,7,9,6,1.8105,0.00475
7907,7,9,7,1.8219,0.04371
7908,7,9,8,1.827,0.01092
7909,7,9,9,1.9372,0.00254
7910,7,9,10,1.9912,0.04141
7911,7,9,11,1.8688,0.03875
7912,7,9,12,1.9256,0.03656
7913,7,9,13,1.9421,0.03388
7914,7,9,14,1.9032,0.03092
7915,7,9,15,1.9095,0.02439
7916,7,9,16,2.0393,0.02811
7917,7,9,17,1.9005,0.02621
7918,7,9,18,1.9932,0.01487
7919,7,9,19,1.9164,0.02198
7920,7,9,20,1.9772,0.02051
7921,7,9,21,1.901,0.01954
7922,7,9,22,2.0043,0.01897
7923,7,9,23,1.6527,0.0187
7924,7,9,24,1.6419,0.01862
7925,7,9,25,1.613,0.01863
7926,7,9,26,1.6175,0.01864
7927,7,9,27,1.5795,0.01876
7928,7,9,28,1.6015,0.01887
7929,7,9,29,1.6675,0.01907
7930,7,9,30,1.632,0.01931
7931,7,9,31,1.6377,0.01956
7932,7,9,32,1.642,0.01993
7933,7,9,33,1.643,0.02031
7934,7,9,34,1.6524,0.02072
7935,7,9,35,1.6452,0.02122
7936,7,9,36,1.5728,0.02174
7937,7,9,37,1.5765,0.02232
7938,7,9,38,1.579,0.02296
7939,7,9,39,1.5829,0.0236
8005,8,0,5,0.7632,0.0152
8006,8,0,6,0.7657,0.0125
8007,8,0,7,0.7741,0.01124
8008,8,0,8,0.7821,0.01008
8009,8,0,9,0.8015,0.00922
8010,8,0,10,0.8079,0.00887
8011,8,0,11,0.8156,0.00877
8012,8,0,12,0.7888,0.00882
8013,8,0,13,0.7919,0.00896
8014,8,0,14,0.8057,0.00918
8015,8,0,15,0.8013,0.00947
8016,8,0,16,0.826,0.00978
8017,8,0,17,0.7812,0.00996
8018,8,0,18,0.7578,0.0101
8019,8,0,19,0.7671,0.01021
8020,8,0,20,0.746,0.01041
8021,8,0,21,0.7633,0.01066
8022,8,0,22,0.7626,0.01101
8023,8,0,23,0.7683,0.01134
8024,8,0,24,0.7746,0.01168
8025,8,0,25,0.7793,0.01212
8026,8,0,26,0.7843,0.01264
8027,8,0,27,0.7829,0.01308
8028,8,0,28,0.8119,0.01356
8029,8,0,29,0.8034,0.01411
8030,8,0,30,0.8033,0.0147
8031,8,0,31,0.8103,0.01522
8032,8,0,32,0.8119,0.0158
8033,8,0,33,0.7984,0.01648
8034,8,0,34,0.8182,0.01713
8035,8,0,35,0.82,0.01777
8036,8,0,36,0.8166,0.0185
8037,8,0,37,0.8168,0.01926
8038,8,0,38,0.8238,0.02004
8039,8,0,39,0.8435,0.02087
8105,8,1,5,-17.6852,0.07479
8106,8,1,6,-8.1194,0.15692
8107,8,1,7,-7.3063,0.44805
8108,8,1,8,-7.7161,187.98193
8109,8,1,9,-11.8058,0.0181
8110,8,1,10,-5.3638,0.03059
8111,8,1,11,-6.246,0.40841
8112,8,1,12,-6.0349,0.03059
8113,8,1,13,-4.2356,0.03067
8114,8,1,14,-4.8671,0.0325
8115,8,1,15,-3.5796,0.03192
8116,8,1,16,-3.2809,0.35984
8117,8,1,17,-2.8396,0.03076
8118,8,1,18,-2.1166,0.03269
8119,8,1,19,-1.8067,0.03057
8120,8,1,20,-1.5837,0.03042
8121,8,1,21,-1.0783,0.03174
8122,8,1,22,-1.6847,0.03086
8123,8,1,23,-0.8197,0.03125
8124,8,1,24,-0.6864,0.03095
8125,8,1,25,-0.4423,0.03055
8126,8,1,26,-0.3215,0.02981
8127,8,1,27,-0.265,0.05434
8128,8,1,28,-0.0122,0.11166
8129,8,1,29,0.0351,0.02723
8130,8,1,30,0.1545,0.02841
8131,8,1,31,0.8051,0.02735
8132,8,1,32,0.2083,0.02769
8133,8,1,33,0.4044,0.02959
8134,8,1,34,0.4858,0.02824
8135,8,1,35,0.8657,0.02862
8136,8,1,36,0.8509,0.02939
8137,8,1,37,0.9553,0.03114
8138,8,1,38,0.9566,0.03024
8139,8,1,39,0.9859,0.03067
8205,8,2,5,-0.6761,0.24531
8206,8,2,6,-3.5434,30.61973
8207,8,2,7,-2.1291,0.00298
8208,8,2,8,-1.233,0.02513
8209,8,2,9,-0.9062,0.02572
8210,8,2,10,-0.6714,0.64031
8211,8,2,11,-0.4277,0.02352
8212,8,2,12,-0.3032,0.02494
8213,8,2,13,0.8215,0.06714
8214,8,2,14,0.8831,0.02435
8215,8,2,15,0.8162,0.02425
8216,8,2,16,0.8761,0.02223
8217,8,2,17,0.8379,0.04575
8218,8,2,18,0.828,0.02393
8219,8,2,19,0.9362,0.01972
8220,8,2,20,0.9352,0.01962
8221,8,2,21,0.9425,0.01957
8222,8,2,22,0.8765,0.02005
8223,8,2,23,0.8688,0.02019
8224,8,2,24,0.8727,0.02048
8225,8,2,25,0.8826,0.02093
8226,8,2,26,0.946,0.02162
8227,8,2,27,0.86,0.02223
8228,8,2,28,0.8654,0.02269
8229,8,2,29,0.9287,0.0233
8230,8,2,30,0.8764,0.02414
8231,8,2,31,0.8823,0.02468
8232,8,2,32,0.9163,0.02535
8233,8,2,33,0.884,0.0262
8234,8,2,34,0.8811,0.0268
8235,8,2,35,0.8939,0.0275
8236,8,2,36,0.898,0.02828
8237,8,2,37,0.9022,0.0291
8238,8,2,38,0.9217,0.02989
8239,8,2,39,0.9241,0.03081
8305,8,3,5,0.824,2.17046
8306,8,3,6,0.8493,0.00764
8307,8,3,7,0.8397,3.99606
8308,8,3,8,0.8835,0.0129
8309,8,3,9,0.8395,0.01268
8310,8,3,10,0.8319,0.01286
8311,8,3,11,0.8731,0.01296
8312,8,3,12,0.8558,0.0131
8313,8,3,13,0.8532,0.01322
8314,8,3,14,0.8312,0.01344
8315,8,3,15,0.8097,0.01369
8316,8,3,16,0.8255,0.01403
8317,8,3,17,0.8108,0.01426
8318,8,3,18,0.8565,0.0145
8319,8,3,19,0.8486,0.01496
8320,8,3,20,0.8726,0.01523
8321,8,3,21,0.86,0.01574
8322,8,3,22,0.8743,0.01635
8323,8,3,23,0.8787,0.01675
8324,8,3,24,0.8891,0.01725
8325,8,3,25,0.9005,0.01782
8326,8,3,26,0.9059,0.01843
8327,8,3,27,0.9119,0.01909
8328,8,3,28,0.9124,0.01976
8329,8,3,29,0.9245,0.02049
8330,8,3,30,0.9307,0.02129
8331,8,3,31,0.9261,0.02205
8332,8,3,32,0.9355,0.0228
8333,8,3,33,0.9458,0.02365
8334,8,3,34,0.9575,0.02447
8335,8,3,35,0.9628,0.02538
8336,8,3,36,0.9651,0.02625
8337,8,3,37,0.9717,0.02724
8338,8,3,38,0.9643,0.02828
8339,8,3,39,0.9654,0.02914
8405,8,4,5,0.9461,0.00841
8406,8,4,6,0.9266,0.00866
8407,8,4,7,0.9341,0.00895
8408,8,4,8,0.9431,0.00923
8409,8,4,9,0.9437,0.00957
8410,8,4,10,0.9382,0.00985
8411,8,4,11,0.9636,0.01021
8412,8,4,12,0.9386,0.01052
8413,8,4,13,0.9525,0.01083
8414,8,4,14,0.9322,0.01115
8415,8,4,15,0.923,0.01148
8416,8,4,16,0.916,0.01183
8417,8,4,17,0.9074,0.01217
8418,8,4,18,0.9091,0.01248
8419,8,4,19,0.9229,0.01276
8420,8,4,20,0.9222,0.01317
8421,8,4,21,0.9269,0.0136
8422,8,4,22,0.9323,0.01403
8423,8,4,23,0.9315,0.01449
8424,8,4,24,0.9574,0.01498
8425,8,4,25,0.9621,0.01548
8426,8,4,26,0.9677,0.01601
8427,8,4,27,0.9763,0.01654
8428,8,4,28,0.9845,0.01711
8429,8,4,29,0.9862,0.01773
8430,8,4,30,0.995,0.01831
8431,8,4,31,1.0008,0.01892
8432,8,4,32,1.0016,0.01959
8433,8,4,33,1.001,0.02022
8434,8,4,34,1.0073,0.02092
8435,8,4,35,1.0119,0.02164
8436,8,4,36,1.0175,0.02238
8437,8,4,37,1.0205,0.0231
8438,8,4,38,1.0188,0.02394
8439,8,4,39,1.0242,0.02476
8505,8,5,5,1.0121,0.00801
8506,8,5,6,1.0245,0.0082
8507,8,5,7,1.0193,0.00841
8508,8,5,8,1.055,0.00863
8509,8,5,9,1.0799,0.00884
8510,8,5,10,1.0353,0.00907
8511,8,5,11,1.0848,0.0093
8512,8,5,12,1.0348,0.00955
8513,8,5,13,1.0327,0.00979
8514,8,5,14,1.0652,0.01006
8515,8,5,15,1.0474,0.01032
8516,8,5,16,1.0468,0.01059
8517,8,5,17,1.0434,0.01085
8518,8,5,18,1.0366,0.01115
8519,8,5,19,1.0469,0.01148
8520,8,5,20,1.0178,0.01176
8521,8,5,21,1.0282,0.01205
8522,8,5,22,1.0343,0.01243
8523,8,5,23,1.0338,0.01287
8524,8,5,24,1.0402,0.01335
8525,8,5,25,1.0452,0.01383
8526,8,5,26,1.0498,0.01433
8527,8,5,27,1.054,0.01484
8528,8,5,28,1.1557,0.0154
8529,8,5,29,1.052,0.01602
8530,8,5,30,1.0473,0.01674
8531,8,5,31,1.0679,0.01734
8532,8,5,32,1.0809,0.01799
8533,8,5,33,1.0875,0.01856
8534,8,5,34,1.0901,0.01931
8535,8,5,35,1.093,0.02016
8536,8,5,36,1.0949,0.02113
8537,8,5,37,1.0941,0.02192
8538,8,5,38,1.0925,0.0228
8539,8,5,39,1.1102,0.02359
8605,8,6,5,1.1367,0.0105
8606,8,6,6,1.1222,0.01109
8607,8,6,7,1.1352,0.01118
8608,8,6,8,1.138,0.01119
8609,8,6,9,1.2003,0.01163
8610,8,6,10,1.1633,0.01128
8611,8,6,11,1.1666,0.01156
8612,8,6,12,1.1679,0.01159
8613,8,6,13,1.1924,0.01146
8614,8,6,14,1.182,0.0117
8615,8,6,15,1.1915,0.01194
8616,8,6,16,1.1871,0.0119
8617,8,6,17,1.1959,0.01184
8618,8,6,18,1.1996,0.01215
8619,8,6,19,1.1995,0.01234
8620,8,6,20,1.2036,0.01227
8621,8,6,21,1.2036,0.01249
8622,8,6,22,1.1975,0.0128
8623,8,6,23,1.193,0.0127
8624,8,6,24,1.1778,0.01348
8625,8,6,25,1.2217,0.01364
8626,8,6,26,1.1764,0.01442
8627,8,6,27,1.1722,0.01509
8628,8,6,28,1.1756,0.01554
8629,8,6,29,1.1791,0.01659
8630,8,6,30,1.1825,0.01743
8631,8,6,31,1.1852,0.01813
8632,8,6,32,1.1863,0.01927
8633,8,6,33,1.1873,0.01991
8634,8,6,34,1.1981,0.02099
8635,8,6,35,1.2048,0.02188
8636,8,6,36,1.2069,0.02238
8637,8,6,37,1.2197,0.02354
8638,8,6,38,1.2265,0.0246
8639,8,6,39,1.2279,0.02547
8705,8,7,5,1.3185,0.03654
8706,8,7,6,1.3444,0.03689
8707,8,7,7,1.3512,0.03649
8708,8,7,8,1.3589,0.03422
8709,8,7,9,1.3696,0.03412
8710,8,7,10,1.4255,0.03316
8711,8,7,11,1.4183,0.03221
8712,8,7,12,1.3841,0.03233
8713,8,7,13,1.4076,0.03234
8714,8,7,14,1.409,0.03134
8715,8,7,15,1.4052,0.03019
8716,8,7,16,1.454,0.02929
8717,8,7,17,1.4183,0.02765
8718,8,7,18,1.4262,0.02781
8719,8,7,19,1.426,0.02645
8720,8,7,20,1.4286,0.02531
8721,8,7,21,1.4279,0.02335
8722,8,7,22,1.4259,0.02342
8723,8,7,23,1.4888,0.02181
8724,8,7,24,1.42,0.0101
8725,8,7,25,1.4046,0.01021
8726,8,7,26,1.4005,0.0076
8727,8,7,27,1.3694,0.02047
8728,8,7,28,1.3649,0.02003
8729,8,7,29,1.3692,0.02045
8730,8,7,30,1.3716,0.02092
8731,8,7,31,1.3791,0.0216
8732,8,7,32,1.3674,0.02217
8733,8,7,33,1.3722,0.02295
8734,8,7,34,1.3983,0.02358
8735,8,7,35,1.4053,0.02403
8736,8,7,36,1.3972,0.02494
8737,8,7,37,1.3935,0.0257
8738,8,7,38,1.3913,0.02631
8739,8,7,39,1.39,0.02688
8805,8,8,5,1.5933,0.05071
8806,8,8,6,1.5937,0.03052
8807,8,8,7,1.6627,0.00721
8808,8,8,8,1.7728,0.04611
8809,8,8,9,1.6931,0.04566
8810,8,8,10,1.7037,0.047
8811,8,8,11,1.7154,0.04404
8812,8,8,12,1.8414,0.0423
8813,8,8,13,1.8512,0.04069
8814,8,8,14,1.8095,0.03918
8815,8,8,15,1.8502,0.03772
8816,8,8,16,1.8785,0.03608
8817,8,8,17,1.8249,0.03443
8818,8,8,18,1.8428,0.0328
8819,8,8,19,1.7795,0.03249
8820,8,8,20,1.7879,0.03389
8821,8,8,21,1.7177,0.0074
8822,8,8,22,1.8205,0.02709
8823,8,8,23,1.7225,0.02464
8824,8,8,24,1.6989,0.02304
8825,8,8,25,1.6825,0.02239
8826,8,8,26,1.6686,0.02227
8827,8,8,27,1.6602,0.02246
8828,8,8,28,1.6639,0.02279
8829,8,8,29,1.655,0.02294
8830,8,8,30,1.6244,0.02337
8831,8,8,31,1.5943,0.02369
8832,8,8,32,1.5867,0.02387
8833,8,8,33,1.5984,0.02431
8834,8,8,34,1.5954,0.02469
8835,8,8,35,1.5896,0.02505
8836,8,8,36,1.5861,0.02543
8837,8,8,37,1.5795,0.02571
8838,8,8,38,1.571,0.02623
8839,8,8,39,1.5615,0.02682
8905,8,9,5,3.4881,0.06274
8906,8,9,6,2.0852,0.00643
8907,8,9,7,2.0619,0.00444
8908,8,9,8,2.0643,0.00525
8909,8,9,9,2.0425,0.04948
8910,8,9,10,2.1973,0.04604
8911,8,9,11,2.0885,0.04315
8912,8,9,12,2.1102,0.04062
8913,8,9,13,2.1487,0.03807
8914,8,9,14,2.2246,0.03589
8915,8,9,15,2.2127,0.02552
8916,8,9,16,2.2549,0.03198
8917,8,9,17,2.2639,0.02988
8918,8,9,18,2.2247,0.02713
8919,8,9,19,2.284,0.02599
8920,8,9,20,2.2563,0.01156
8921,8,9,21,2.2203,0.0151
8922,8,9,22,2.1067,0.0218
8923,8,9,23,2.1138,0.02119
8924,8,9,24,2.2018,0.02091
8925,8,9,25,1.8894,0.02078
8926,8,9,26,1.8674,0.02067
8927,8,9,27,1.8577,0.02064
8928,8,9,28,1.8607,0.02071
8929,8,9,29,1.9094,0.02084
8930,8,9,30,1.8408,0.02095
8931,8,9,31,1.8263,0.0213
8932,8,9,32,1.8065,0.02162
8933,8,9,33,1.7998,0.02197
8934,8,9,34,1.7868,0.02238
8935,8,9,35,1.7907,0.02275
8936,8,9,36,1.7944,0.02329
8937,8,9,37,1.798,0.02393
8938,8,9,38,1.8007,0.02463
8939,8,9,39,1.8039,0.02541
9005,9,0,5,0.9143,0.02024
9006,9,0,6,0.8694,0.01411
9007,9,0,7,0.879,0.01266
9008,9,0,8,0.8722,0.01173
9009,9,0,9,0.8805,0.01068
9010,9,0,10,0.9158,0.00995
9011,9,0,11,0.9202,0.00962
9012,9,0,12,0.9104,0.00953
9013,9,0,13,0.8872,0.00958
9014,9,0,14,0.8926,0.0097
9015,9,0,15,0.8866,0.00991
9016,9,0,16,0.9037,0.01018
9017,9,0,17,0.9155,0.01055
9018,9,0,18,0.907,0.01074
9019,9,0,19,0.8929,0.01086
9020,9,0,20,0.8865,0.011
9021,9,0,21,0.8639,0.01114
9022,9,0,22,0.8732,0.0114
9023,9,0,23,0.883,0.01175
9024,9,0,24,0.8784,0.01215
9025,9,0,25,0.8849,0.01266
9026,9,0,26,0.8961,0.01314
9027,9,0,27,0.8948,0.01363
9028,9,0,28,0.9041,0.01423
9029,9,0,29,0.9313,0.01479
9030,9,0,30,0.9319,0.01535
9031,9,0,31,0.9301,0.01598
9032,9,0,32,0.9219,0.01667
9033,9,0,33,0.9347,0.01731
9034,9,0,34,0.9374,0.01801
9035,9,0,35,0.9236,0.01877
9036,9,0,36,0.9358,0.01953
9037,9,0,37,0.948,0.02035
9038,9,0,38,0.9483,0.02115
9039,9,0,39,0.9427,0.02198
9105,9,1,5,-25.8862,0.38925
9108,9,1,8,-18.1047,0.06501
9109,9,1,9,-7.3059,0.11785
9110,9,1,10,-10.4023,0.00069
9111,9,1,11,-9.2065,1.5964
9112,9,1,12,-10.4477,3.66487
9113,9,1,13,-4.5779,0.07121
9114,9,1,14,-7.6493,0.03481
9115,9,1,15,-6.2666,1e-05
9116,9,1,16,-4.9788,0.03427
9117,9,1,17,-4.4828,0.03414
9118,9,1,18,-3.8603,0.03398
9119,9,1,19,-1.2498,0.03677
9120,9,1,20,-2.6302,0.03495
9121,9,1,21,-0.893,0.03608
9122,9,1,22,-2.1758,0.0359
9123,9,1,23,-1.5564,0.03767
9124,9,1,24,-1.1739,0.03611
9125,9,1,25,-1.1286,0.03658
9126,9,1,26,-0.714,0.03617
9127,9,1,27,-0.8367,0.03818
9128,9,1,28,-0.5356,0.03706
9129,9,1,29,-0.4073,0.03301
9130,9,1,30,-0.1493,0.03312
9131,9,1,31,-0.0677,0.03149
9132,9,1,32,-0.0733,0.03433
9133,9,1,33,0.1943,0.02802
9134,9,1,34,0.2518,0.03377
9135,9,1,35,0.3567,0.03274
9136,9,1,36,0.998,0.03407
9137,9,1,37,0.9318,0.03347
9138,9,1,38,0.5989,0.03412
9139,9,1,39,1.0058,0.03639
9205,9,2,5,-2.2659,0.29692
9206,9,2,6,-1.4116,0.02727
9207,9,2,7,-3.928,0.02923
9208,9,2,8,-2.1793,850.40503
9209,9,2,9,-1.3739,0.02795
9211,9,2,11,-0.668,0.00153
9212,9,2,12,-0.6316,1.28478
9213,9,2,13,-0.3823,0.05072
9214,9,2,14,0.8752,17.60867
9215,9,2,15,-0.0816,0.02829
9216,9,2,16,-0.0254,0.02908
9217,9,2,17,1.0321,0.02875
9218,9,2,18,1.0099,0.02852
9219,9,2,19,0.9965,0.02861
9220,9,2,20,0.9942,0.02892
9221,9,2,21,0.9981,0.02949
9222,9,2,22,0.9639,0.02961
9223,9,2,23,0.9333,0.02987
9224,9,2,24,1.0996,0.02832
9225,9,2,25,1.0026,0.02691
9226,9,2,26,1.0319,0.0259
9227,9,2,27,1.0888,0.02604
9228,9,2,28,0.9789,0.02649
9229,9,2,29,1.0192,0.02715
9230,9,2,30,1.0903,0.02785
9231,9,2,31,1.0014,0.02858
9232,9,2,32,1.1088,0.02963
9233,9,2,33,1.007,0.03046
9234,9,2,34,1.0164,0.03123
9235,9,2,35,1.0244,0.03226
9236,9,2,36,1.0313,0.03297
9237,9,2,37,1.0382,0.03398
9238,9,2,38,1.05,0.0348
9239,9,2,39,1.0558,0.03568
9305,9,3,5,0.5229,0.02336
9306,9,3,6,-0.3042,4.93523
9307,9,3,7,0.9525,0.7831
9308,9,3,8,0.9733,262.28534
9309,9,3,9,0.928,7.71426
9310,9,3,10,0.9338,0.01503
9311,9,3,11,1.0051,0.01451
9312,9,3,12,0.9624,0.01466
9313,9,3,13,0.9779,0.01464
9314,9,3,14,0.9616,0.00462
9315,9,3,15,0.9727,0.01491
9316,9,3,16,1.042,0.01525
9317,9,3,17,0.953,0.01555
9318,9,3,18,0.9677,0.01583
9319,9,3,19,0.9732,0.01629
9320,9,3,20,1.0363,0.01679
9321,9,3,21,0.988,0.0173
9322,9,3,22,0.9948,0.01777
9323,9,3,23,0.9958,0.01838
9324,9,3,24,1.0046,0.01899
9325,9,3,25,1.0145,0.01963
9326,9,3,26,1.0247,0.02034
9327,9,3,27,1.0334,0.02107
9328,9,3,28,1.0315,0.02184
9329,9,3,29,1.0454,0.02268
9330,9,3,30,1.0558,0.02349
9331,9,3,31,1.0682,0.02434
9332,9,3,32,1.0758,0.02519
9333,9,3,33,1.0796,0.0262
9334,9,3,34,1.0874,0.02707
9335,9,3,35,1.0927,0.02804
9336,9,3,36,1.0968,0.02903
9337,9,3,37,1.0922,0.03015
9338,9,3,38,1.0969,0.03107
9339,9,3,39,1.0978,0.03216
9405,9,4,5,1.0395,0.00915
9406,9,4,6,1.0375,0.00932
9407,9,4,7,1.048,0.00965
9408,9,4,8,1.049,0.00989
9409,9,4,9,1.0487,0.01024
9410,9,4,10,1.0676,0.01055
9411,9,4,11,1.0566,0.0109
9412,9,4,12,1.0691,0.01126
9413,9,4,13,1.0563,0.01156
9414,9,4,14,1.0336,0.0119
9415,9,4,15,1.0493,0.01228
9416,9,4,16,1.0586,0.01259
9417,9,4,17,1.0523,0.01293
9418,9,4,18,1.0413,0.0133
9419,9,4,19,1.0398,0.01381
9420,9,4,20,1.0546,0.01425
9421,9,4,21,1.0698,0.01474
9422,9,4,22,1.0621,0.01526
9423,9,4,23,1.0686,0.01575
9424,9,4,24,1.0737,0.01628
9425,9,4,25,1.0801,0.01682
9426,9,4,26,1.0936,0.01739
9427,9,4,27,1.1011,0.01796
9428,9,4,28,1.111,0.01854
9429,9,4,29,1.1206,0.01917
9430,9,4,30,1.1308,0.01981
9431,9,4,31,1.1366,0.02042
9432,9,4,32,1.1428,0.02109
9433,9,4,33,1.1487,0.02185
9434,9,4,34,1.1539,0.0225
9435,9,4,35,1.1617,0.02327
9436,9,4,36,1.1677,0.02405
9437,9,4,37,1.1741,0.02483
9438,9,4,38,1.1787,0.02563
9439,9,4,39,1.184,0.02657
9505,9,5,5,1.1349,0.00855
9506,9,5,6,1.1301,0.00875
9507,9,5,7,1.1343,0.00896
9508,9,5,8,1.1809,0.00918
9509,9,5,9,1.1455,0.0094
9510,9,5,10,1.2015,0.00964
9511,9,5,11,1.1745,0.00988
9512,9,5,12,1.1517,0.01012
9513,9,5,13,1.1808,0.01039
9514,9,5,14,1.1729,0.01065
9515,9,5,15,1.1761,0.01091
9516,9,5,16,1.1806,0.01121
9517,9,5,17,1.182,0.01151
9518,9,5,18,1.1801,0.01181
9519,9,5,19,1.1915,0.01212
9520,9,5,20,1.184,0.01247
9521,9,5,21,1.1853,0.01287
9522,9,5,22,1.1718,0.01327
9523,9,5,23,1.1742,0.01382
9524,9,5,24,1.1827,0.01438
9525,9,5,25,1.1886,0.01487
9526,9,5,26,1.197,0.01532
9527,9,5,27,1.1887,0.01598
9528,9,5,28,1.1991,0.01671
9529,9,5,29,1.1966,0.01738
9530,9,5,30,1.2127,0.018
9531,9,5,31,1.2037,0.01863
9532,9,5,32,1.2179,0.0193
9533,9,5,33,1.219,0.02028
9534,9,5,34,1.2331,0.02116
9535,9,5,35,1.2347,0.02206
9536,9,5,36,1.2315,0.02283
9537,9,5,37,1.2491,0.02353
9538,9,5,38,1.2554,0.02423
9539,9,5,39,1.255,0.0255
9605,9,6,5,1.247,0.01142
9606,9,6,6,1.2978,0.0122
9607,9,6,7,1.2607,0.01234
9608,9,6,8,1.2922,0.01234
9609,9,6,9,1.2829,0.01323
9610,9,6,10,1.403,0.0131
9611,9,6,11,1.3175,0.01268
9612,9,6,12,1.3201,0.01297
9613,9,6,13,1.3244,0.01324
9614,9,6,14,1.3332,0.01314
9615,9,6,15,1.3433,0.01301
9616,9,6,16,1.3422,0.01306
9617,9,6,17,1.3493,0.01378
9618,9,6,18,1.3563,0.01379
9619,9,6,19,1.3613,0.01365
9620,9,6,20,1.362,0.01351
9621,9,6,21,1.3649,0.01448
9622,9,6,22,1.3705,0.01439
9623,9,6,23,1.3624,0.01449
9624,9,6,24,1.3645,0.01521
9625,9,6,25,1.363,0.01493
9626,9,6,26,1.3371,0.01627
9627,9,6,27,1.3429,0.0164
9628,9,6,28,1.3346,0.01756
9629,9,6,29,1.3394,0.0186
9630,9,6,30,1.3297,0.01901
9631,9,6,31,1.3485,0.02033
9632,9,6,32,1.3472,0.02147
9633,9,6,33,1.3424,0.02216
9634,9,6,34,1.3586,0.02338
9635,9,6,35,1.3551,0.02413
9636,9,6,36,1.36,0.02506
9637,9,6,37,1.3763,0.02626
9638,9,6,38,1.3877,0.02697
9639,9,6,39,1.3864,0.02735
9705,9,7,5,1.5169,0.04394
9706,9,7,6,1.5051,0.04431
9707,9,7,7,1.5349,0.02396
9708,9,7,8,1.5735,0.04451
9709,9,7,9,1.5378,0.04245
9710,9,7,10,1.5407,0.04122
9711,9,7,11,1.5494,0.04023
9712,9,7,12,1.6146,0.03958
9713,9,7,13,1.5715,0.03927
9714,9,7,14,1.5562,0.03811
9715,9,7,15,1.6698,0.03684
9716,9,7,16,1.61,0.03654
9717,9,7,17,1.6051,0.03418
9718,9,7,18,1.6043,0.03395
9719,9,7,19,1.5921,0.03259
9720,9,7,20,1.7769,0.03136
9721,9,7,21,1.6143,0.03088
9722,9,7,22,1.6074,0.02999
9723,9,7,23,1.6146,0.0277
9724,9,7,24,1.6214,0.02909
9725,9,7,25,1.6161,0.02882
9726,9,7,26,1.6062,0.02771
9727,9,7,27,1.5886,0.02594
9728,9,7,28,1.5679,0.02461
9729,9,7,29,1.5634,0.02412
9730,9,7,30,1.5604,0.02415
9731,9,7,31,1.5613,0.02468
9732,9,7,32,1.5658,0.02523
9733,9,7,33,1.5553,0.02599
9734,9,7,34,1.5698,0.02637
9735,9,7,35,1.5794,0.02721
9736,9,7,36,1.5706,0.02804
9737,9,7,37,1.5695,0.02864
9738,9,7,38,1.5647,0.02903
9739,9,7,39,1.5607,0.02973
9805,9,8,5,1.7728,0.00489
9806,9,8,6,1.7582,0.05305
9807,9,8,7,1.808,0.05356
9808,9,8,8,1.8805,0.05496
9809,9,8,9,2.0158,0.05599
9810,9,8,10,2.0334,0.05231
9811,9,8,11,2.0304,0.05823
9812,9,8,12,2.0481,0.04923
9813,9,8,13,1.9919,0.04863
9814,9,8,14,2.0081,0.0455
9815,9,8,15,2.0209,0.04391
9816,9,8,16,2.0427,0.04206
9817,9,8,17,2.0177,0.04024
9818,9,8,18,1.9818,0.03858
9819,9,8,19,1.9923,0.01996
9820,9,8,20,1.9332,0.03603
9821,9,8,21,1.9355,0.03494
9822,9,8,22,1.9035,0.01057
9823,9,8,23,1.9114,0.008
9824,9,8,24,1.916,0.02842
9825,9,8,25,1.8919,0.02692
9826,9,8,26,1.8902,0.0261
9827,9,8,27,1.864,0.02613
9828,9,8,28,1.85,0.02633
9829,9,8,29,1.8438,0.02622
9830,9,8,30,1.8456,0.02666
9831,9,8,31,1.8106,0.02677
9832,9,8,32,1.788,0.02703
9833,9,8,33,1.7777,0.02739
9834,9,8,34,1.7739,0.02766
9835,9,8,35,1.7806,0.02785
9836,9,8,36,1.7712,0.02817
9837,9,8,37,1.766,0.02864
9838,9,8,38,1.7583,0.02909
9839,9,8,39,1.7616,0.02959
9905,9,9,5,2.2159,0.00952
9906,9,9,6,2.3275,0.00516
9907,9,9,7,2.197,0.00411
9908,9,9,8,2.2163,0.00645
9909,9,9,9,2.2408,0.01224
9910,9,9,10,2.3603,0.00243
9911,9,9,11,2.3224,0.00795
9912,9,9,12,2.3063,0.04435
9913,9,9,13,2.3275,0.04189
9914,9,9,14,2.3696,0.03961
9915,9,9,15,2.4627,0.03753
9916,9,9,16,2.4464,0.03394
9917,9,9,17,2.448,0.02186
9918,9,9,18,2.4566,0.01492
9919,9,9,19,2.5097,0.02938
9920,9,9,20,2.3855,0.01146
9921,9,9,21,2.3385,0.02596
9922,9,9,22,2.5217,0.02465
9923,9,9,23,2.3251,0.02373
9924,9,9,24,2.2741,0.02321
9925,9,9,25,2.1658,0.02294
9926,9,9,26,2.1117,0.02273
9927,9,9,27,2.0993,0.02247
9928,9,9,28,2.0783,0.02261
9929,9,9,29,2.0772,0.02261
9930,9,9,30,2.0785,0.0228
9931,9,9,31,2.0402,0.02309
9932,9,9,32,2.0194,0.02334
9933,9,9,33,1.9898,0.02352
9934,9,9,34,1.9929,0.02403
9935,9,9,35,1.9972,0.02458
9936,9,9,36,2.0018,0.02519
9937,9,9,37,2.0465,0.02585
9938,9,9,38,2.0595,0.02654
9939,9,9,39,2.0245,0.02726
